/*
Navicat MySQL Data Transfer

Source Server         : localhost_3306
Source Server Version : 50528
Source Host           : localhost:3306
Source Database       : tour

Target Server Type    : MYSQL
Target Server Version : 50528
File Encoding         : 65001

Date: 2018-05-05 16:23:45
*/

SET FOREIGN_KEY_CHECKS=0;

-- ----------------------------
-- Table structure for ads
-- ----------------------------
DROP TABLE IF EXISTS `ads`;
CREATE TABLE `ads` (
  `id` int(11) NOT NULL AUTO_INCREMENT,
  `title` varchar(255) DEFAULT NULL,
  `subTitle` varchar(255) DEFAULT NULL,
  `pic` varchar(255) DEFAULT NULL,
  `ptime` datetime DEFAULT NULL,
  `stage` int(11) DEFAULT NULL,
  `describle` text,
  PRIMARY KEY (`id`)
) ENGINE=InnoDB AUTO_INCREMENT=6 DEFAULT CHARSET=utf8;

-- ----------------------------
-- Records of ads
-- ----------------------------
INSERT INTO `ads` VALUES ('1', '2018年江西国际旅游节圆满成功', '让世界爱上江西', 'ads/banner1.jpg', '2018-04-02 16:04:19', '1', null);
INSERT INTO `ads` VALUES ('2', '江西庐山风景区', '让世界爱上庐山', 'ads/banner2.jpg', '2018-04-02 16:05:20', '0', null);
INSERT INTO `ads` VALUES ('3', '江西三清山', '让世界爱上三清山', 'ads/banner3.jpg', '2018-04-02 16:06:25', '1', null);
INSERT INTO `ads` VALUES ('4', '滕王阁', '落霞与孤鹜齐飞', 'ads/9a41309b-2820-41a2-a576-fbd0b5c33159.png', '2018-04-23 19:03:44', '1', null);
INSERT INTO `ads` VALUES ('5', '听，风的声音！！', '来和大自然亲密接触吧！！', 'ads/67abf8f5-52a5-4474-b9d1-7074406f67c1.png', '2018-04-23 19:13:10', '1', '听，风的声音！！来和大自然亲密接触吧！！');

-- ----------------------------
-- Table structure for area
-- ----------------------------
DROP TABLE IF EXISTS `area`;
CREATE TABLE `area` (
  `aid` int(11) NOT NULL AUTO_INCREMENT,
  `areaNum` int(11) DEFAULT NULL,
  `areaName` varchar(255) DEFAULT NULL,
  `areaDescrible` text,
  PRIMARY KEY (`aid`),
  KEY `areaNum` (`areaNum`)
) ENGINE=InnoDB AUTO_INCREMENT=12 DEFAULT CHARSET=utf8;

-- ----------------------------
-- Records of area
-- ----------------------------
INSERT INTO `area` VALUES ('1', '1101', '南昌', '南昌很美丽');
INSERT INTO `area` VALUES ('2', '1102', '九江', '九江很美丽');
INSERT INTO `area` VALUES ('3', '1103', '赣州', '赣州很美丽');
INSERT INTO `area` VALUES ('4', '1104', '上饶', '上饶很美丽');
INSERT INTO `area` VALUES ('5', '1105', '宜春', '宜春很美丽');
INSERT INTO `area` VALUES ('6', '1106', '吉安', '吉安很美丽');
INSERT INTO `area` VALUES ('7', '1107', '抚州', '抚州很美丽');
INSERT INTO `area` VALUES ('8', '1108', '鹰潭', '鹰潭很美丽');
INSERT INTO `area` VALUES ('9', '1109', '萍乡', '萍乡很美丽');
INSERT INTO `area` VALUES ('10', '1110', '新余', '新余很美丽');
INSERT INTO `area` VALUES ('11', '1111', '景德镇', '景德镇很美丽');

-- ----------------------------
-- Table structure for content
-- ----------------------------
DROP TABLE IF EXISTS `content`;
CREATE TABLE `content` (
  `cid` int(11) NOT NULL AUTO_INCREMENT,
  `contentId` int(11) NOT NULL,
  `areanum` int(11) DEFAULT NULL,
  `categoryId` int(11) NOT NULL,
  `title` varchar(255) NOT NULL,
  `pic` varchar(255) NOT NULL,
  `created` datetime DEFAULT NULL,
  `stage` int(11) DEFAULT NULL,
  PRIMARY KEY (`cid`),
  KEY `contentId` (`contentId`)
) ENGINE=InnoDB AUTO_INCREMENT=32 DEFAULT CHARSET=utf8;

-- ----------------------------
-- Records of content
-- ----------------------------
INSERT INTO `content` VALUES ('1', '1', '1101', '0', '醉美滕王阁', 'area/1101/scenic/1.jpg', '2018-03-13 03:10:00', '1');
INSERT INTO `content` VALUES ('2', '2', '1101', '0', '醉美秋水', 'area/1101/scenic/2.jpg', '2018-04-26 10:00:00', '1');
INSERT INTO `content` VALUES ('3', '3', '1101', '0', '英雄的号角', 'area/1101/scenic/3.jpg', '2018-04-17 00:40:00', '1');
INSERT INTO `content` VALUES ('4', '4', '1101', '0', '南昌万达海洋乐园', 'area/1101/scenic/4.jpg', '2018-04-25 00:00:00', '1');
INSERT INTO `content` VALUES ('5', '5', '1101', '0', '南昌之星摩天轮', 'area/1101/scenic/5.jpg', '2018-04-09 00:00:00', '1');
INSERT INTO `content` VALUES ('6', '6', '1101', '0', '梅岭国家级风景名胜区', 'area/1101/scenic/6.jpg', '2018-04-04 00:05:00', '1');
INSERT INTO `content` VALUES ('7', '7', '1101', '0', '朱德旧居', 'area/1101/scenic/7.jpg', '2018-04-02 00:00:00', '1');
INSERT INTO `content` VALUES ('8', '8', '1101', '0', '八一南昌起义纪念塔', 'area/1101/scenic/8.jpg', '2018-04-02 00:04:00', '1');
INSERT INTO `content` VALUES ('9', '9', '1101', '0', '江西革命烈士纪念堂', 'area/1101/scenic/9.jpg', '2018-04-02 00:00:00', '1');
INSERT INTO `content` VALUES ('10', '10', '1101', '0', '新四军军部旧址', 'area/1101/scenic/10.jpg', '2018-04-02 00:10:00', '1');
INSERT INTO `content` VALUES ('11', '1', '1102', '1', '真的好吃', 'area/1102/specialty/65de48c9-7596-4c1a-bd97-cec1b5a0bc34.jpg', '2018-04-24 00:00:00', '1');
INSERT INTO `content` VALUES ('12', '2', '1101', '1', '多种氨基酸', 'area/1101/specialty/2.jpg', '2018-04-02 00:00:00', '1');
INSERT INTO `content` VALUES ('13', '3', '1101', '1', '好吃的鸡', 'area/1101/specialty/3.jpg', '2018-04-02 00:00:00', '1');
INSERT INTO `content` VALUES ('14', '4', '1101', '1', '好吃的鸡腿！', 'area/1101/specialty/5469ae34-7db6-4929-8040-c720ee7695ac.jpg', '2018-04-24 00:00:00', '1');
INSERT INTO `content` VALUES ('15', '5', '1101', '1', '香喷喷', 'area/1101/specialty/5.jpg', '2018-04-25 00:03:00', '1');
INSERT INTO `content` VALUES ('16', '6', '1101', '0', '梅岭', 'area/1101/scenic/6.jpg', '2018-04-27 11:25:26', '0');
INSERT INTO `content` VALUES ('17', '6', '1101', '0', '梅岭', 'area/1101/scenic/6.jpg', '2018-04-27 11:26:50', '0');
INSERT INTO `content` VALUES ('18', '11', '1102', '1', '西港化红', 'area/1102/specialty/10.png', '2018-04-27 13:50:10', '1');
INSERT INTO `content` VALUES ('19', '16', '1103', '1', '南安板鸭', 'area/1103/specialty/1.png', '2018-04-27 13:51:12', '1');
INSERT INTO `content` VALUES ('20', '24', '1103', '1', '牛皮糖薯干', 'area/1103/specialty/09732345-3db9-4b8e-b7bd-42cc413c85b7.png', '2018-04-27 21:35:55', '1');
INSERT INTO `content` VALUES ('21', '27', '1104', '1', '荷包红鲤鱼', 'area/1104/specialty/ed1eac79-386f-4c92-91c7-d328f28af16e.png', '2018-04-27 21:47:35', '1');
INSERT INTO `content` VALUES ('22', '28', '1104', '1', '横峰葛', 'area/1104/specialty/a0c4706d-3375-46e8-9437-b42511fac716.png', '2018-04-27 21:50:54', '1');
INSERT INTO `content` VALUES ('23', '30', '1104', '1', '上饶白眉', 'area/1104/specialty/7025c8ad-2979-4f92-9ecc-ad396a809630.png', '2018-04-27 21:58:44', '1');
INSERT INTO `content` VALUES ('24', '24', '1104', '0', '清贫园', 'area/1104/scenic/e3efa7c3-1414-4bda-b68d-1cf2cafc512c.png', '2018-04-28 10:36:10', '1');
INSERT INTO `content` VALUES ('25', '27', '1104', '0', '三清山', 'area/1104/scenic/bb9e1a70-1e4f-4101-9303-d6ffc3e31793.png', '2018-04-28 10:59:58', '1');
INSERT INTO `content` VALUES ('26', '31', '1105', '0', '宜春明月山', 'area/1105/scenic/b80891de-34ee-4027-b03a-7f2a75db26c1.png', '2018-04-28 14:21:58', '1');
INSERT INTO `content` VALUES ('27', '37', '1106', '1', '安福火腿', 'area/1106/specialty/cb99449f-5db6-40f3-b2f8-c59fcb091f62.png', '2018-04-28 14:36:35', '1');
INSERT INTO `content` VALUES ('28', '43', '1108', '1', '上清豆腐', 'area/1108/specialty/b935f998-6f45-45cf-9954-236cf2896c38.png', '2018-04-28 16:32:09', '1');
INSERT INTO `content` VALUES ('29', '47', '1109', '1', '手撕狗肉', 'area/1109/specialty/bc907f9b-5fb5-484c-b889-8c72e7e61886.png', '2018-04-28 18:38:44', '1');
INSERT INTO `content` VALUES ('30', '46', '1109', '0', '武功山', 'area/1109/scenic/5d98f3eb-c95c-4c6d-80f4-b010b7695d33.png', '2018-04-28 19:18:06', '1');
INSERT INTO `content` VALUES ('31', '49', '1110', '1', '齐云山南酸枣糕', 'area/1110/specialty/7aaa793d-c805-434c-8124-eb64f02a667a.png', '2018-04-28 19:46:43', '1');

-- ----------------------------
-- Table structure for hotel
-- ----------------------------
DROP TABLE IF EXISTS `hotel`;
CREATE TABLE `hotel` (
  `hid` int(11) NOT NULL AUTO_INCREMENT,
  `hNum` int(11) NOT NULL,
  `hName` varchar(255) NOT NULL,
  `hAddress` text NOT NULL,
  `tel` varchar(255) DEFAULT NULL,
  `describle` text,
  `pic` varchar(255) DEFAULT NULL,
  `price` double DEFAULT NULL,
  `stage` int(11) DEFAULT NULL,
  PRIMARY KEY (`hid`),
  KEY `hNum` (`hNum`),
  CONSTRAINT `hNum` FOREIGN KEY (`hNum`) REFERENCES `area` (`areaNum`)
) ENGINE=InnoDB AUTO_INCREMENT=37 DEFAULT CHARSET=utf8;

-- ----------------------------
-- Records of hotel
-- ----------------------------
INSERT INTO `hotel` VALUES ('1', '1101', '香格里拉大酒店', '江西省南昌市红谷滩新区世贸路以南，赣江中大道以西', '123455', '南昌香格里拉大酒店位于江西省南昌市红谷滩新区世贸路以南，赣江中大道以西。南昌香格里拉大酒店及综合发展项目位于南昌市红谷滩新区中央商业区核心地段东南位置，东临赣江，毗邻南昌市政府办公大楼及新会展中心，与滕王阁隔江相望，总面积为72亩，为全亚著名国际大酒店之一，总建筑面积约24万平方米，由五星级酒店、公寓及5A级写字楼三部分组成。', 'area/1101/hotel/1.jpg', '110', '1');
INSERT INTO `hotel` VALUES ('2', '1101', '江西宾馆', '南昌市最宽阔繁华的八一大道中段', '2324324', '江西宾馆是一家五星级现代商务酒店，位于江西省南昌市最宽阔繁华的八一大道中段，距南昌火车站三公里，到南昌昌北机场三十公里，置南昌政治、经济、文化、体育娱乐及商务活动的中心地带。优雅现代的装璜，充分体现了生态与环保理念的完美统一，为您提供舒适惬意的下榻享受。无论您是到此公干或度假消闲，都会受到专业体贴的接待。', 'area/1101/hotel/aed149fb-1b6d-4484-af03-88f6aaa196e1.jpg', '150', '1');
INSERT INTO `hotel` VALUES ('3', '1101', '明园大酒店', '南昌市二七南路日月休闲广场旁', '345345', '南昌明园大酒店系涉外挂牌三星级旅游宾馆，坐落于南昌市二七南路日月休闲广场旁，毗邻火车站400余米。酒店翠竹环绕，与日月广场交相映托，巧然天成。优雅的装饰、网络化智能管理与服务，具有专业化水准的工作人员以及酒店所拥有的豪华套房、行政数码房、标准间、酒楼、多功能会议中心、商务中心、商场、休闲咖啡吧、棋牌娱乐、现代化休闲桑拿等，显现出非凡魅力，是旅游住宿、商务洽谈、各类会议和休闲娱乐的理想场所。 　　\r\n    酒店拥有160套（间）商务个性凸现、设备先进的各类客房，配有有线电视、无线视频和宽带上网系统，风格各异的总统套房、豪华套房、景观房、标准间、单人房、以及多功能会议中心、豪华桑拿洗浴中心、商务中心和咖啡吧，提供多层次、全方位尽善尽美的服务。下榻商务客房，可随时遨游网络精彩境界，一览全球最新资讯。 　　酒楼拥有商务餐饮包房16间（套），酒楼大厅可同时容纳200余人用餐，聘请名厨主理，以赣菜为主，独具风情的环境，呈现一道亮丽的美食休闲娱乐风景线。18间休闲娱乐棋牌室，配有全自动麻将桌，轻松娱乐、自由自在。', 'area/1101/hotel/3.jpg', '230', '1');
INSERT INTO `hotel` VALUES ('4', '1101', '米兰假日酒店', '天佑路距南昌火车站、汽车站一步之遥', '345435', ' 南昌米兰假日酒店位于天佑路距南昌火车站、汽车站一步之遥。楼高10层，拥有各类宽敞舒适的客房。酒店有著名的老树咖啡，极富特色的食魅厨房为您提供各式精美菜肴，异域风情的巴厘岛温泉。\r\n　　南昌米兰假日酒店不仅仅提供住宿，更是一种生活方式。地处闹市然而幽静致远，体现了个性和时尚的完美结合，是您寂寞旅途中一个温暖的栖息地。无论您身处何地，何不跟随我们，坐享悠然的感觉。\r\n　　南昌米兰假日酒店按国际标准打造，具有国际级接待水准的商务酒店。酒店聘请国际著名设计师进行整体设计规划，独具匠心、典雅精致、使文化与艺术融为一体。\r\n南昌米兰假日酒店位于天佑路距南昌火车站、汽车站一步之遥。楼高10层，拥有各类宽敞舒适的客房。酒店有著名的老树咖啡，极富特色的食魅厨房为您提供各式精美菜肴，异域风情的巴厘岛温泉。\r\n　　南昌米兰假日酒店不仅仅提供住宿，更是一种生活方式。地处闹市然而幽静致远，体现了个性和时尚的完美结合，是您寂寞旅途中一个温暖的栖息地。无论您身处何地，何不跟随我们，坐享悠然的感觉。\r\n　　南昌米兰假日酒店按国际标准打造，具有国际级接待水准的商务酒店。酒店聘请国际著名设计师进行整体设计规划，独具匠心、典雅精致、使文化与艺术融为一体。', 'area/1101/hotel/4.jpg', '245', '1');
INSERT INTO `hotel` VALUES ('5', '1101', '嘉莱特酒店', '南昌东湖区广场南路10号', '235345435', ' 嘉莱特和平国际酒店是南昌市第一家按照五星级标准建造，具有国际一流接待水准的商务酒店，并于2008年1月7日荣膺为国家五星级旅游饭店。\r\n    酒店由国外著名设计师进行总体设计规划，秉承现代欧派风格，设计独具匠心，典雅精致，气派非凡，自然风情洋溢，融艺术化与人文化为一体。\r\n    酒店位于南昌黄金地段商业中心 —— 八一大道广场南路 10 号。承接八一广场鼎沸人气，四通八达，路路畅顺，距火车站仅 800 米之遥，昌北国际机场仅 30 分钟车程，大型商业、外贸、银行等机构近在咫尺，尽享地利之便，汇聚都市风采，紧握时代脉搏。\r\n    酒店总建筑面积约 4 万平方米，高 32 层，各类型客房 252 套。独具特色的中餐厅、宴会厅、西餐厅等可一次性接待 1200 余人，是目前南昌接待能力最大的酒店。风格迥异的各式佳肴使贵宾尽享天下美食，浪漫的嘉莱特酒吧让您尽享真我的风采！\r\n    酒店的娱乐设施齐全，室内游泳池、健身中心、美容美发厅、桑拿按摩和足浴区域，水疗保健、室内游泳池，应有尽有，令倦意全消。娱乐中心更是您舒展身心的乐园，无论是室外网球场、还是室内棋牌室、 KTV 会馆，都倍感悠然自在。\r\n    酒店员工将秉承“ CAN DO ”的服务理念，为宾客提供高品质的服务特色。不断追求卓越，以严谨、高效的管理和真诚的服务为海内外宾客提供一个温馨的家外之家。无论您是商务公干，还是旅游度假，在这里您都能感受到方便、舒适、自然。', 'area/1101/hotel/5.jpg', '143', '1');
INSERT INTO `hotel` VALUES ('6', '1101', '南昌唐古拉酒店', '	红谷滩新区翠苑路980号 近翠苑路地铁口', '124434', ' 南昌唐古拉酒店是全球最大的国际经济型连锁酒店之一，南昌红谷滩店是宜必思目前入驻江西省的第一家店。酒店位于南昌红谷滩新区---南昌市红谷滩新区翠苑路乡企城11，12栋。地处南昌经济、政治、文化娱乐交流中心地段。毗邻商业中心：3C未来谷（数码产品），天虹商城，万达广场，华润万家，法国欧尚等多个大型购物中心。紧临政治中心：南昌市委市政府，国际会展中心，奥体中心，国际金融中心。周边休闲旅游的景点有：摩天轮（红谷滩标志型建筑），秋水广场（亚洲第一高音乐喷泉），滕王阁（江南四大名楼之一），南昌八一起义纪念馆。南昌大学、航空大学、江西科技师范学院等高等学府也尽在周边。酒店交通便利，出行方便，距离南昌会展中心步行15分钟路程，距离南昌火车西站仅需20分钟车程，距离南昌昌北机场仅需30分钟车程。无线网络全面覆盖，更能满足商务客人的需求，是您商务出差，旅游的理想下榻酒店。', 'area/1101/hotel/6.jpg', '435', '1');
INSERT INTO `hotel` VALUES ('7', '1102', '九江汉庭酒店', '浔阳区878号', '1112344', ' 宜必思酒店是全球最大的国际经济型连锁酒店之一，南昌红谷滩店是宜必思目前入驻江西省的第一家店。酒店位于南昌红谷滩新区---南昌市红谷滩新区翠苑路乡企城11，12栋。地处南昌经济、政治、文化娱乐交流中心地段。毗邻商业中心：3C未来谷（数码产品），天虹商城，万达广场，华润万家，法国欧尚等多个大型购物中心。紧临政治中心：南昌市委市政府，国际会展中心，奥体中心，国际金融中心。周边休闲旅游的景点有：摩天轮（红谷滩标志型建筑），秋水广场（亚洲第一高音乐喷泉），滕王阁（江南四大名楼之一），南昌八一起义纪念馆。南昌大学、航空大学、江西科技师范学院等高等学府也尽在周边。酒店交通便利，出行方便，距离南昌会展中心步行15分钟路程，距离南昌火车西站仅需20分钟车程，距离南昌昌北机场仅需30分钟车程。无线网络全面覆盖，更能满足商务客人的需求，是您商务出差，旅游的理想下榻酒店。', 'area/1102/hotel/1.jpg', '234', '1');
INSERT INTO `hotel` VALUES ('8', '1102', '九江铂悦·仙境酒店', '九江 濂溪区 金凤路65号 ，近旅游集散中心。 【 山下 】', '25423543', '九江铂悦·仙境酒店是一家集客房、餐饮、会议、娱乐等为一体的新一代智能化精品酒店，也是我国中部五省首家采用智能云平台“机器人服务”的高端智能化酒店。酒店座落于“三江之口，七省通衢”的中国魅力城市——九江市城区中心地带，毗邻长运加油站，万达广场，禧徕乐国际商业中心，距离火车站1.5公里，交通便利。去庐山旅游，因为入住庐山牯岭大酒店后，在其工作人员的推荐下，说是同一家公司在九江的分店，所以选择入住这家酒店。酒店刚开业不久，装修很有格调，原以为新酒店会有气味，房间里有一些绿植，感觉没什么气味！客房的床垫睡的很舒服，看了一下是雅兰的床垫！酒店在长途汽车总站的附近，上庐山很方便！对了，我们房间还有一个很萌很可爱的机器人小白，小孩很喜欢！两百多能入住这样的酒店，很超值的一次入住哦！早餐尽管品种不是很多，但很精致！建议酒店的标识尽快完善，电梯有点不好找！会推荐给其他好友的啦', 'area/1102/hotel/2.png', '112', '1');
INSERT INTO `hotel` VALUES ('9', '1102', '九江锦都龙荷酒店', '九江 濂溪区 庐山大道99号 ，近九江外国语学校。', '2342342', '九江锦都龙荷酒店地处九江市庐山大道，周边交通便捷，餐饮、商铺、购物云集。按国际标准打造，具有国际级接待水准的商务酒店。酒店聘请国际著名设计师进行整体设计规划，独具匠心、典雅精致、使文化与艺术融为一体。', 'area/1102/hotel/3.png', '234', '1');
INSERT INTO `hotel` VALUES ('10', '1103', '赣龙大酒店', '赣州 章贡区 红旗大道50号 ，近南门广场', '1232323', '　赣州赣龙大酒店位于红旗大道，毗邻南门广场，地理位置优越，交通便利。\r\n　　赣州赣龙大酒店是一家集食宿、娱乐为一体的综合型大酒店，装修华贵典雅。大厦共十七层，一楼为酒店大堂，设有大堂酒吧、商务中心；三楼为中餐厅，设有多功能宴会厅和包厢。四楼至十二楼为客房，拥有不同装修风格与档次的客房。\r\n　　行政楼层于2012年全新装修，以“科技”为品牌，打造精品客房，拥有全方位智能控制系统，创造独特的宾客体验。\r\n　　酒店十三楼建有三个豪华会议厅，登上十七层顶楼，纵观赣州市区，古城风光尽收眼底。\r\n　　酒店管理严谨，服务周到，深受海内外宾客的赞誉，连续多年荣获“江西省明星旅游饭店”称号。全体员工秉承“用心服务，以情感人”的服务理念，我们真诚恭候您的光临！\r\n赣州赣龙大酒店位于红旗大道，毗邻南门广场，地理位置优越，交通便利。\r\n　　赣州赣龙大酒店是一家集食宿、娱乐为一体的综合型大酒店，装修华贵典雅。大厦共十七层，一楼为酒店大堂，设有大堂酒吧、商务中心；三楼为中餐厅，设有多功能宴会厅和包厢。四楼至十二楼为客房，拥有不同装修风格与档次的客房。\r\n　　行政楼层于2012年全新装修，以“科技”为品牌，打造精品客房，拥有全方位智能控制系统，创造独特的宾客体验。\r\n　　酒店十三楼建有三个豪华会议厅，登上十七层顶楼，纵观赣州市区，古城风光尽收眼底。\r\n　　酒店管理严谨，服务周到，深受海内外宾客的赞誉，连续多年荣获“江西省明星旅游饭店”称号。全体员工秉承“用心服务，以情感人”的服务理念，我们真诚恭候您的光临！', 'area/1103/hotel/1.png', '123', '1');
INSERT INTO `hotel` VALUES ('11', '1103', '赣州宾馆', '赣州 章贡区 红旗大道50号 ，近南门广场', '1232434', '1989年开业  2008年装修  130间房   联系方式　　\r\n　　赣州宾馆位于健康路，地处市中心繁华地段，馆内环境优雅是一座园林式宾馆。被江西省委、省政府授予“省级文明单位”，被全国旅游星级饭店评定为银叶级绿色饭店，是中央党政机关公务出差和会议定点饭店。 \r\n　　赣州宾馆拥有豪华商务套间、豪华商务标间及豪华商务单间，客房装修新颖，造型别致，可满足各层次客人的需求；有多功能会议厅及大、小会议室7个，配有先进的音响和投影设备，可承接50至300人的各种会议。宴会厅装修考究，可承办各种大型宴会，一次性可供600人同时用餐，有十余个各式KTV包厢、三个豪华大包厢供客人选用。院内设有大型停车场，现代健身房和歌舞娱乐城。\r\n　　赣州宾馆是您洽谈商务，下榻休息的理想选择！', 'area/1103/hotel/2.png', '90', '1');
INSERT INTO `hotel` VALUES ('12', '1103', '赣州蓝璞酒店', '赣州 章贡区 红旗大道50号 ，近南门广场', '3535345', '2014年开业  2014年装修  225间房   联系方式　　\r\n　　赣州蓝璞酒店位于赣州市中心市政区域中心地段的赞贤路，距市政府咫尺之遥。\r\n　　赣州蓝璞酒店楼高72米，共23层，总建筑面积3万平方米，气派雄伟。\r\n　　酒店配备两层大型地下停车场及室外停车场；设有雅致舒适的客房，所有客房均由名家设计，设施齐备，环境舒适。\r\n　　酒店设有中、西餐厅，共有餐位500多个，并设有高端豪华包房11间。中餐包房设计时尚、高雅；西餐厅由室内、室外两部组成，可迎合客人的不同需求。所有名贵海鲜、高档食材每日空运至赣，均由名厨主理。\r\n　　五楼茶坊设有17间豪包，清新雅致、宽敞明亮，是商务洽谈、私人聚会、以茶会友的完美场所；高贵典雅的多功能宴会厅及功能齐全的、配备顶尖设施的会议室，可供优质的会务服务，确保每一项商务和社交盛事圆满成功。酒店可根据客人的要求提供大小不同的会议场地，满足客人各种会议需要。\r\n　　酒店KTV采用先进的高端的音响、灯光设备、环回立体声效果、高品质受，让您在工作闲暇之余与友人共聚一堂K歌。\r\n　　赣州蓝璞酒店由香港亿锋顾问有限公司派驻管理专家顾问团队管理，引入全新的管理服务理念，拥有一支专业素质高的员工队伍。酒店用心服务，精益求精，务求令每一位客人宾至如归。', 'area/1103/hotel/3.png', '123', '1');
INSERT INTO `hotel` VALUES ('13', '1104', '上饶沐鑫城市酒店', '上饶 凤凰中大道（帅特龙广场） ，近市政府。', '23435435', '江西（上饶）沐鑫城市酒店是按照国际四星级酒店秉持“精致高雅，时尚舒适，豪华气派”的设计理念及装修。并由严武国际集团独资兴建，酒店地处上饶市信州区凤凰中大道中段，交通便利，离市中心0.5公里，距火车站约5分钟车程，距新飞机场约10公里。\r\n　　酒店拥有各类豪华商务套房、豪华休闲套房及高档标准房等，共计141间（套），客房在采景效果上匠心独具，时尚通透的卫浴设施，并提供殷勤贴心的管家式服务，酒店所有客房独家采用移动高速4G网络宽带，WIFI覆盖全酒店。国际、国内长途直拨电话，百套高清晰卫星电视接收，迷你酒吧，私人保险箱等。带给您品味非凡的尊贵享受，为商务名流人士下榻之首选。\r\n　　马克西姆自助餐厅设在酒店4楼，以经营特色自助餐为主装饰精美，提供中西式美食风味、东方美食及本地特色菜肴。热菜、凉菜、养生煲、中西糕点、热饮、冷饮、小吃等百余品种，并设有独特包间，是您商务聚会、生日派对及休闲娱乐的最佳选择。\r\n　　    H2咖啡休闲酒吧设在5楼，柔和的灯光，优雅的环境，更有种类繁多的各类名茶名酒、咖啡。精美小点、鲜榨果汁等，是您休闲聊天上网的好去处，给您带来无尽的享受。\r\n　　酒店拥有三个不同规格的会议厅（室），配有现代化的高清晰多媒体等先进音响设备、便于您组织各类会议、商务洽谈、歌咏晚会、新闻发布，能满足您不同重要商务活动的理想场所。\r\n　　酒店一楼设有精品商场，商场内引进世界及国内一线品牌的工艺品及著名雕刻艺术品及当地土特产品琳琅满目，一应具有。酒店设有大型停车场，为住店客人提供泊车。\r\n　　\r\n　　酒店宗旨：拥有精品设施 提供精细服务 享受精美人生', 'area/1104/hotel/d3ffe866-8ea5-4101-9722-c3a0d71dd9fa.png', '345', '1');
INSERT INTO `hotel` VALUES ('14', '1104', '欣凯皇冠酒店', '上饶县 武夷山大道4号 ，近县广场。', '4554444', '　上饶欣凯皇冠酒店位于上饶市信州区凤凰大道和紫阳大道的交接口处，距上饶东高速路口仅10分钟左右车程，距长途客运中心约5分钟车程，地理位置优越，交通便利。\r\n　　\r\n　　酒店拥有各式客房200多间/套，每间房间均通过人性化、创新性的空间设计规划，为你提供体贴入微的休憩环境。\r\n　　\r\n　　餐饮和会议服务设施完善，中餐厅、西餐厅共800多个餐位，18间各种格调的宴会包房，包罗万象，璀璨夺目的精美膳食，令你有品尝不尽的诱人感受。\r\n　　\r\n　　500平方米的无柱多功能宴会厅，5间各种规格的会议厅，致力于提供最高水准的服务，无论你是举办会议、宴请，还是节日庆典，都将获得最满意的服务。\r\n　　\r\n　　康乐服务设施俱全，欣凯水疗会所、阳光健身房、环境优雅的台球厅等优良、齐备的康乐设施，令宾客享尽乐趣。\r\n　　\r\n　　酒店本着全方位的服务，主动式的服务，让每个客人感受到关心、关爱的服务理念，为商务活动、旅游休闲等客人提供健康、舒适、超值的人性化服务', 'area/1104/hotel/4339624f-b670-4a9c-967e-7461cf2c2801.png', '230', '1');
INSERT INTO `hotel` VALUES ('15', '1104', '全季酒店', '上饶 凤凰大道广信大道店交汇处（星河国际2号楼） ，近上饶师院。', '3423567', '　全季酒店（上饶行政中心店）地处凤凰大道广信大道交汇处，毗邻上饶市政府，紧靠市民公园、创业公园，于2016年11月试营业，酒店层高20层，拥有各类豪华商务套房、豪华大床房及高档标准房等，共计116间（套），WIFI覆盖全酒店，国际、国内长途直拨电话，百套高清晰卫星电视接收。酒店设有地下两层大型停车场，为住店客人提供免费泊车。酒店距离上饶市政府、市行中心政服务100米，距市民公园、创业公园100米，距市中心0.5公里，距火车站10分钟车程，距上饶机场约10公里；距灵山20公里，国家5A级旅游景区三清山70公里，距婺源138公里；途经公交6路车可直达火车站，途径酒店4路、8路、10路车可直达市区，途径酒店4路车可直达带湖路汽车站。\r\n所属集团 华住\r\n华住酒店集团 (NASDAQ:HTHT)，是中国领先的多品牌酒店集团，在全国370多座城市，运营3,000多家酒店，并拥有近70,000多名员工。自2005年创立以来，华住始终以专业而高效的智能化管理系统，专注于为客户提供高品质和多元化的住宿和出行体验，成就美好生活。 自2014年，华住酒店集团与雅高酒店集团形成长期战略联盟，共同开辟在华酒店业务。目前，华住运营的酒店品牌已经覆盖所有市场，包含高端市场的美爵、VUE、禧玥，中端市场的诺富特、美居、漫心、全季、桔子水晶、桔子精选、CitiGO、星程、宜必思尚品，以及大众市场的宜必思、汉庭优佳、汉庭、怡莱、海友等知名酒店品牌，满足从商务到休闲的个性化需求。“华住会”，作为华住推出的会员俱乐部，也是一个高效、简单、温情的酒店预订平台，正为全球超过1亿会员提供住宿、出行、购物等服务。 以“成为世界级的伟大企业”为愿景的华住酒店集团，在创始人季琦的带领下，已经成为中国发展最快的酒店集团之一。2010年，华住在美国纳斯达克成功上市。目前，集团位列美国Hotels杂志公布的全球酒店集团排名第9位，旗下汉庭品牌连续四年荣登BrandZ最具价值中国品牌100强。', 'area/1104/hotel/e3605b89-afd7-45d4-abcf-b9ed2ab2b2e5.png', '135', '1');
INSERT INTO `hotel` VALUES ('16', '1105', '明月山大酒店', '宜春 温汤镇温泉路110号 ，近古井泉眼', '2343567', '明月山温汤大酒店位于温汤镇中心位置，与温泉古井泉眼仅一墙之隔，并将世界独有的富硒温泉直接接入酒店客房，部分房型设有独立泡池，让你足不出户便可享受浪漫、舒适、惬意、的温泉之旅 。酒店采用了中式园林的装修设计风格，并精选尊贵、环保的红木、实木家具。红木、实木家具有助于人的身体健康，其散发的芬芳气味有以安神和降血压的功效，长期接触还能促进细胞再生，预防皱纹出现，让您越睡越年轻。酒店所有客房采用无油漆设计，环保而健康。\r\n　　明月山温汤大酒店于2016年元旦正式营业，酒店根据功能分区不同设有养生客房、养生音乐餐厅、养生SPA中心。为了让您拥有更优质的体验，温汤大酒店与格兰云天酒店管理公司达成合作，并委派专业管理团队进行管理，力求打造温汤乃至全省独具文化特色主题的酒店。', 'area/1105/hotel/f47f499a-d062-4866-8c3e-ced4157ee05c.png', '230', '1');
INSERT INTO `hotel` VALUES ('17', '1105', '宜春红林大酒店', '宜春 市府北路10号 ，近明月北路。', '123243', '　宜春红林大酒店位于宜春市府北路，地处商业、文化、购物、金融中心地段，紧邻宜春市行政中心、市文化艺术中心、市博物馆、市科技馆等。\r\n　　\r\n　　这里坐拥宜春市CBD核心区，距离风景秀丽的人民公园、袁州公园咫尺之遥，距离富硒温泉温汤镇约18公里、国家5A景区明月山约28公里。\r\n　　 \r\n　　酒店是集餐饮、住宿、商务、休闲度假于一体的多功能现代化豪华涉外酒店。装饰风格豪华时尚、精致典雅；配备各种房型满足高端商务、度假客人的不同需求。\r\n　　\r\n　　房间特配西班牙Giessdorf高档卫具；全球床具品牌King Koil，是ICA全球认证的床垫品牌，定能给你带来深度睡眠。绝妙的城市花园景观，独特的个性化服务更让你感受亲切的奢华。\r\n　　\r\n　　酒店附设大堂吧、24小时茶市等配套设施，供你商务洽谈、品佳肴美食，享轻松愉悦；同时设有豪华红林多功能厅、广林厅等6个宴会厅及8间不同规格贵宾会议室，满足你商务会议、宴会等多元化消费需求。', 'area/1105/hotel/c20e15db-4806-4798-8c4d-8c11b40a172e.png', '256', '1');
INSERT INTO `hotel` VALUES ('18', '1105', '宜春秀江宾馆', '宜春 袁州区 袁山东路699号 ，近高铁站、万达购物广场。', '2324324', '全新的秀江宾馆是袁州区首家豪华园林式酒店，隶属于袁州区政府指定接待宾馆，宾馆坐落于宜春市袁州区区政府旁，毗邻高铁站、万达购物广场。伴山而居，依水而眠，得天独厚的地理优势造就了山清水秀、鸟语花香的幽美环境，是您放松身心、休闲度假的首选之地，是袁州区继宜春万达商业圈财富中心的又一个新地标建筑。\r\n　　宾馆占地面积20000多平方米，建筑面积15040平方米，分客房楼、餐饮楼、会议楼、独立水上餐厅及傍湖别墅。其中，客房楼有豪华大气的接待大厅、西餐厅、大堂吧、健身房、可容纳110人左右的会议室及贵宾接待室，同时还拥有标准客房、棋牌房、豪华套房98间。餐饮楼设有各类包厢7间、豪华水上包厢4间，大型宴会厅。会议楼设有大型多功能会议厅及两个中小型会议室；此外还设有150个停车位，户外网球场、羽毛球场等娱乐设施。\r\n　　秀江宾馆竭诚为商务旅客提供一流的服务和齐全的酒店设施。我们将秉承“宾客至上，服务第一”的宗旨为您提供优质服务。时刻为您营造温馨、恬适、雅致的食宿环境。', 'area/1105/hotel/325ce519-65e0-4992-81a2-bf4ae6ac20a3.png', '150', '1');
INSERT INTO `hotel` VALUES ('19', '1106', '吉安海联国际饭店', '吉安市吉州区大桥西路20号城北大转盘东侧', '123243', '　　吉安海联国际饭店位于井冈山下、城南新区，供电局旁，广大高速、武吉高速、泰井高速、105国道、衡茶吉铁路、京九铁路纵贯境内，距离井冈山景区1小时。酒店总投资8.8亿，建筑面积8.2万平方米。\r\n　　吉安海联国际饭店的客房典雅大方，舒适整洁的环境，让宾客放松身心，忘却旅行中的舟车劳顿。店内设中、西餐厅、会议中心、商务中心、会所、健身、桑拿、KTV、茶艺、洗浴、购物、康乐、美发等十几个项目，是宾客商务接洽、休闲度假的理想选择。', 'area/1106/hotel/8ef964e0-509c-4a67-bebc-30ded5cb6390.png', '235', '1');
INSERT INTO `hotel` VALUES ('20', '1106', '圣欧顿大酒店', '吉安 青原区 文天祥大道8号 ，近火车站、吉安大桥。', '345567', '　吉安圣欧顿大酒店毗邻吉安火车站，可俯览市区、赣江和吉安第一桥的无限美景。酒店靠近105国道，距樟吉高速10分钟车程，距井冈山机场30分钟车程，地理位置优越，交通非常便利。\r\n　　吉安圣欧顿洲际大酒店营业总面积2万平米，主楼共24层，店内设施齐全，行政楼层、无烟楼层、特色客房、专业中西餐厅、会议室、品牌足浴、康体健身、桑拿休闲等项目可满足客人的不同需求。\r\n　　拥有多类客房供您选择，客房装修风格独特，设计理念别俱一格，客房使用专业床垫并提供不同规格的睡枕，确保您在旅途中拥有良好的休息及睡眠，房间另设一体电脑、宽带上网、国际电话直拔、棋牌等配套设施；中、西餐特邀粤、赣名厨主理，主营燕、鲍、翅、生猛海河鲜和吉品赣菜，宴请之时彰显宾客之尊贵主人之盛情。\r\n　　开业以来坚持自制榨油，倡导现代绿色健康饮食消费，各式特色豪华包房及多功能会议室，可同时容纳近千位宾客同时就餐。“尽心尽力、尽善尽美”，是圣欧顿酒店人不断追求的目标。', 'area/1106/hotel/ba18e0d8-1189-4b70-ad34-73a388f7d44c.png', '345', '1');
INSERT INTO `hotel` VALUES ('21', '1106', '中信会议中心', '井冈山 茨坪镇 中信梨坪 ，319国道旁', '123456', '　井冈山中信会议中心位于江西省西南部，湘赣两省交界的罗霄山中段，是著名的革命旅游文化圣地。该项目基地从西南到东南呈狭长带状，本项目利用这一地形，依山而建，由入口处呈阶梯状排布，与周围的自然山体溶为一体，而且还减少了土方量和工程造价。建筑整体分为三部分，地势平坦的地方做体量大的会议中心，而进深较小的国宾馆选择山腹部位，院落式套房选择山体部位，以达到闹中取静的效果。建筑的形象考虑和当地秀美的自然环境相结合，采用当地的自然材料毛竹，木料和石材。使建筑具有清秀的灵气，也是建筑对所处地域的精彩辉映。', 'area/1106/hotel/9c18dd53-2765-4068-b3ec-a8f236ede1fd.png', '456', '1');
INSERT INTO `hotel` VALUES ('22', '1107', '非繁城品酒店', '抚州 临川区大桥南路 ，近金巢大道', '123243', '非繁城品酒店（抚州轻纺城大润发店）位于临川区大桥南路，抚州市轻纺城旁，周边餐饮、娱乐、购物广场，银行、医院一应俱全。\r\n　　酒店距离长途汽车站、抚州高铁站及各景点都不远，交通便捷。\r\n　　酒店建筑面积3500平米，拥有商务间、豪华间、行政间在内的各式优质客房。每间客房均设有宽带上网、液晶电视、中央空调、24小时热水、独立淋浴间等设施。套房配有自动麻将桌。\r\n　　为满足商务人士的需求，大小会议厅可容纳20-100人，同时提供专业、高效的服务。\r\n所属集团 7天（铂涛）\r\n7天连锁酒店集团（7 Days Group Holdings Limited）创立于2005年，2009年11月20日在美国纽约证券交易所上市（股票代码：SVN）。作为第一家登陆纽交所的中国酒店集团，7天连锁酒店秉承让顾客“天天睡好觉”的愿景，致力为注重价值的商旅客人提供干净、环保、舒适、安全的住宿服务，满足客户核心的住宿需求。7天连锁酒店现已拥有分店超过1500家， 7天连锁酒店室外覆盖全国近30个省和直辖市共200个主要城市，业已建成经济型连锁酒店全国网络体系。7天连锁酒店建立的“7天会”拥有会员超过5000万，是中国经济型酒店中规模最大的会员体系。作为业内科技领航者，7天是目前少数能“7×24小时”同时提供多达5种便利预订方式的连锁酒店，包括：网上预订、电话预订、WAP预订、短信预订，手机客户端。', 'area/1107/hotel/fd4a38f7-5f36-42f7-8974-3f2de63413ac.png', '234', '1');
INSERT INTO `hotel` VALUES ('23', '1107', '利兹堡精品酒店', '抚州 曾巩大道 ，近万达广场(保育院旁)。', '123456', '　开业于2017-01-01，相信无论您是一日游还是深度游，抚州利兹堡精品酒店都是您抚州之行的不二选择。酒店距离抚州站仅有5km。若是计划在酒店周边好好游玩，梦湖景区和名人雕塑园定能满足您的需求。\r\n酒店为您在客房内配备了国际长途电话、房内保险箱和空调，所有入住的客人均可便捷的使用。服务人员会提前为您准备好电热水壶和免费瓶装水，以满足您的饮水需求。浴室内提供拖鞋、24小时热水和吹风机，让您感受到宾至如归的享受。旅客可以在中餐厅享用可口的美食。您可以到大堂吧与朋友畅饮聊天度过闲暇时光。如果旅客愿意，酒店可以提供满足需求的客房送餐服务。\r\n对于顾客来说，可以在室外游泳池享受锻炼的乐趣。酒店配置有会议厅，定能满足您商务活动方面的需求。24小时开放的前台服务可为您随时提供信息，以帮助您探索这个魅力之都。入住酒店的旅客，可以使用酒店免费停车场。', 'area/1107/hotel/0fcfd744-c310-4b8c-a35d-b4826a700392.png', '134', '1');
INSERT INTO `hotel` VALUES ('24', '1107', '源清大酒店', '抚州 金巢大道与南门路交汇路口 ，金巢广场对面。', '345567', '抚州源清大酒店是按照准星级标准设计装修的大型商务旅游酒店，地理位置得天独厚，整体建筑面积12000余平方米。由主楼十一层构成，设有各类型的总统套房、豪华套房、标准房及单间，共计260余张床位及大型地下停车场；酒店还设有容纳500余人的宴会厅、会议室及咖啡厅、休闲会所、棋牌娱乐等完善服务配套设施。完美先进的消防安全监控系统，格力空调系统，24小时热水供应系统，CENTREX通讯系统和闭路电视系统，从而构筑一座安全舒适的现代化水平较高的大型商务旅游酒店。     \r\n  抚州源清大酒店地理位置优越，设施齐全，服务周到，安全舒适，适合开展商贸洽谈，文化交流等活动，是旅游观光的理想下榻之处。', 'area/1107/hotel/f4cbcf78-269b-4b34-b3ac-3c85900ede7a.png', '234', '1');
INSERT INTO `hotel` VALUES ('25', '1108', '枫丹白露酒店', '鹰潭 月湖区 高新区炬能路1号', '234234', '鹰潭枫丹白露酒店傲踞龙虎山必经之路，位于月湖区炬能路，毗邻鹰潭市体育馆和月湖岩公园，轻松通达繁华的商业区及各大旅游景点，火车站、汽车站近在咫尺，抵达龙虎山景区仅需约15分钟车程。\r\n　酒店集商务、会议、旅游、度假、休闲于一体，主体建筑面积3万平米，分地上21层地下2层共计23层。\r\n  在这里，有着包括总统套房在内的各类格调高雅的客房、套房供你选择。会议及活动场地超过1600平方米， 其中包括可容纳400余位宾客的多功能宴会厅、4间自然采光充沛的会议室，设施先进，服务专业，是世界级高端会议与中西宴会的理想场所。\r\n　　\r\n　　豪华的中餐包房、西餐厅及大堂吧提供精品粤菜、赣菜、养生菜、国际美食及世界佳酿。\r\n　　\r\n　　康乐会所、精品购物中心、茶艺室、红酒屋、棋牌室、健身房、空中游泳池、SPA馆等配套设施一应俱全。', 'area/1108/hotel/63e9f294-9621-44d9-8cc8-9bb415a04b5a.png', '157', '1');
INSERT INTO `hotel` VALUES ('26', '1108', '鹰潭宾馆', '鹰潭 月湖区 林荫东路9号 ，近林荫东路和正大路交汇处。', '234234', '鹰潭宾馆是在原国民党海军司令桂永清官邸基础上创建的；濒临信江并与鹰潭市自然风景区区人民公园毗邻；距火车站、汽车站及船运码头、320、206国道，仅10分钟，距龙虎山国家级风景区16公里，交通便捷。鹰潭宾馆是市委、市政府重要的的接待场所，1973年邓小平同志曾下榻过本宾馆。', 'area/1108/hotel/dda79eb6-970f-42db-82ea-57959f90fee9.png', '240', '1');
INSERT INTO `hotel` VALUES ('27', '1108', '维也纳酒店', '鹰潭 月湖区 鹰西大道鹰潭国际眼镜城（君融国际）', '3423567', '　维也纳酒店(鹰潭国际眼镜城店)位于鹰潭国际眼镜城鹰西大道旁，是一家豪华商务度假型酒店。酒店毗邻信江，打造鹰潭全江景豪华商务度假型酒店，酒店主楼国际眼镜城双子楼是鹰潭市标志性建筑，鹰潭首家以欧陆式风情，巴洛克式设计风格商务度假型酒店，酒店邻信江河畔，入住酒店可尽览信江的秀丽风光。房间布置温馨典雅，设有愉梦之床、助眠音乐、百兆光纤、3秒速热时尚卫浴系统，使您尽享自由私密的淋浴按摩享受，为您提供超值、艺术、环保、健康、安全、助眠、便捷的360度全方位尊贵消费体验，让您感受到“绅士般品位，淑女般亲切”，维也纳家人期待您的莅临！', 'area/1108/hotel/cfb8c9f8-b531-4fe7-9dd5-bedea2306857.png', '234', '1');
INSERT INTO `hotel` VALUES ('28', '1109', '萍乡壹号公馆', '萍乡 安源中大道17号 ，近苏州东街。', '3423567', '萍乡壹号公馆地处安源中大道，近萍乡博物馆，周边娱乐、餐饮配套丰富，出行便利。\r\n　　\r\n　　公馆客房干净整洁，房内提供24小时热水、洗漱用品等，设施齐全，服务热情周到，为宾客提供便捷、轻松的住宿体验。\r\n　　\r\n　　公馆1层设有大堂和西餐厅，2至3楼有公馆包厢18个和大厅；9楼为多功能厅；附楼还有国际宴会厅，为公馆多功能厅，可容纳百桌酒席，1000余人同时用餐。', 'area/1109/hotel/c3b389c2-94c5-44b6-8864-bf5105826723.png', '230', '1');
INSERT INTO `hotel` VALUES ('29', '1109', '雅致精选酒店', '萍乡 安源区 萍安北大道萍乡学院旁', '2423434', '萍乡市雅致精选酒店位于萍乡市安源区萍安北大道，距火车站6分钟车程，距高铁站（北站）15分钟车程，5分钟即可到达市中心步行街；商务、购物、娱乐、休闲方便快捷。\r\n　　\r\n　　酒店集商务、会议、住宿、餐饮、康体及娱乐休闲于一体的大型服务业综合体，这里有各式高级客房、精选客房和豪华套房百余套，环境优雅，温馨舒适；客房均配备宽带端口，无线wifi，并且长话市话打。\r\n　　\r\n　　酒店内中、西餐厅提供琳琅满目的美食及各式早点佳肴，多功能会议中心可承接20-100人的各类会议，置身雅致精选酒店，既可领略酒店文化的独特魅力、又可享受方便、快捷的全方位贴心服务，是休闲度假、接待宾客和商旅出行的理想选择。', 'area/1109/hotel/426b4f39-23bf-4cad-a8b9-20512ea4bbb1.png', '222', '1');
INSERT INTO `hotel` VALUES ('30', '1109', '萍乡吉啡酒店', '萍乡 安源区 公园南路211号', '234234', '　萍乡吉啡酒店为商旅客人营造“旅途中的啡凡存在”，提供完美舒适、品位个性的服务，喆啡酒店独有的24小时的咖啡厅、咖啡式check in，开放式书吧、欧式火炉……咖啡馆文化与酒店的完美结合，为您创造出充满人文、社交、格调的氛围感受，我们诚挚地期待您来喆啡醇享生活！品牌宣传和分店Q+展示：24小时咖啡馆、文化书吧、艺术品长廊、自助餐厅、等多功能空间。', 'area/1109/hotel/d67a51ed-8874-46ae-89ce-c35d175c2c23.png', '145', '1');
INSERT INTO `hotel` VALUES ('31', '1110', '华瑞圣欧顿酒店', '新余 渝水区 抱石大道561号', '222222', '新余华瑞宾馆位于渝水区抱石大道，近抱石公园，地处市中心繁华商业地带，交通十分便利。\r\n　　新余华瑞宾馆建筑面积17000平方米，宾馆主楼19层。宾馆设计新颖，装饰温馨典雅，客房设备先进。宾馆设有大小会议室、中餐厅，4楼中餐厅承接各种婚宴，毕业宴等各类宴席、数十间宴会单间，是商业旅行、团队会议、公务接待的理想居停所。', 'area/1110/hotel/1c1ba361-94c1-45ce-86b9-a183b1bf767a.png', '250', '1');
INSERT INTO `hotel` VALUES ('32', '1110', '维也纳酒店', '新余 渝水区 渝州大道969号', '32221221', '新余 渝水区 渝州大道969号', 'area/1110/hotel/5722c0c6-b08f-4575-9ff6-0e448c61e7f3.png', '222', '1');
INSERT INTO `hotel` VALUES ('33', '1110', '尚客优酒店', '新余 渝水区 抱石大道710号', '43343434', '骏怡（尚客优）连锁酒店（新余抱石公园店）地处商业繁华地段及养生休闲中心，紧邻天然生态“氧吧”抱石公园东大门，交通十分便利。是您商务出差旅行约会的理想下榻之地，我们专业化的用心用情服务定能给您带来舒适温馨的感受。店门前即有直达新余高铁站及市内各处的公交专线，距新余火车站300米、长途汽车站150米、新余北站（高铁站）6公里、宜春机场60公里、昌北机场160公里、黄花机场350公理；距沃尔玛商城100米、步步高和新亚新商城150米，距新钢公司总部600米。', 'area/1110/hotel/7e7a3cde-0496-4fb5-8084-3ec77495562a.png', '234', '1');
INSERT INTO `hotel` VALUES ('34', '1111', '锦莱国际大酒店', '景德镇 昌江区 瓷都大道838号', '3423567', '景德镇锦莱国际大酒店是南昌大学后勤集团旗下的一家全功能型按四星级标准建造的高档商务酒店，位于千年瓷都景德镇市的政治金融中心（景德镇学院内），毗邻著名的AAAAA级陶瓷历史博览风景区，交通便捷，设施齐全。\r\n　　景德镇锦莱国际大酒店集商务、旅游、休闲、会议、食宿、娱乐、艺术瓷收藏为一体。酒店采用国际化标准的酒店管理理念模式，提供完善的综合服务设施以及完善自我的人性化服务。\r\n　　景德镇锦莱国际大酒店以诚信经营为本，积极树立酒店对外的品牌形象，以“团结敬业、求实创新、完善自我、争创一流”为企业精神，“亲切礼貌、安全周到、清洁舒适、温馨快捷”视为准则。\r\n　　锦莱国际大酒店以“星级有限，服务无限”的行动，迎接海内外宾朋！', 'area/1111/hotel/9230c190-9e6f-4364-bb16-111f158c37f3.png', '145', '1');
INSERT INTO `hotel` VALUES ('35', '1111', '景德镇朗逸酒店', '景德镇 昌江区 珠山西路5号 ，近市供电局。', '2342342', '景德镇朗逸酒店位于珠山西路，临近的商业、购物娱乐区等地方均可步行到达沿途可感受到景市的风貌。\r\n　　酒店由香港朗逸盛荟酒店集团投资和经营管理，于2016年7月已全面完成大堂、豪华客房及餐厅设施的更新装修工程；带给客人耳目一新的感觉，是市内提供客人住宿、餐饮的豪华商务酒店之一。\r\n　　酒店占地6000平方米，楼高10层，建筑面积15000平方米，拥有各式豪华客房、赣/粤风味餐厅、健身房、棋牌室及可容纳400人的会议厅，是党政机关出差、会议定点酒店之一，更荣获国家旅游局评为先进单位。\r\n　　本着“待客热诚开朗、客人舒适安逸”的经营理念，朗逸酒店期望成为您商务、会议、旅游之优选酒店。', 'area/1111/hotel/6dc1a9cf-8fd8-4365-9bba-f667c3d9ede4.png', '235', '1');
INSERT INTO `hotel` VALUES ('36', '1111', '景德镇昌飞宾馆', '景德镇 珠山区 朝阳路816号', '234234234', '景德镇昌飞宾馆座落于素有千年古陶瓷文化历史名城—瓷都景德镇市。宾馆设施完善，功能齐全，是一家集会议、商务、娱乐、餐饮、住宿于一体的综合性商务宾馆。宾馆拥有各类标准客房、豪华套房，风格迥异的中西餐厅可容纳700余人同时就餐，各类大小会议室7个。宾馆配备了领先的高清电视系统、无线wifi网络系统、中央空调系统和多媒体网络信息系统、康乐中心、商务中心、以及购物中心。\r\n　　景德镇昌飞宾馆内红花绿草，雕廊木榭，假山喷泉，风车流水，使人心旷神怡，美不胜收。古朴典雅、错落有致的建筑格局成为景德镇市的一道亮丽风景线。我们秉承个性化服务理念，让您在旅途中感受着细致入微的服务和家庭式的舒适与温馨；此时此刻，无论您身处商界的繁忙、旅途的奔波或是假日的小憩，这里始终是您最佳的选择。', 'area/1111/hotel/eae129f9-beda-4fea-b848-4a3de39c7277.png', '124', '1');

-- ----------------------------
-- Table structure for hotelcomment
-- ----------------------------
DROP TABLE IF EXISTS `hotelcomment`;
CREATE TABLE `hotelcomment` (
  `id` int(11) NOT NULL AUTO_INCREMENT,
  `usernum` varchar(255) NOT NULL,
  `hid` int(11) NOT NULL,
  `ptime` datetime DEFAULT NULL,
  `content` text,
  `stage` int(11) DEFAULT NULL,
  PRIMARY KEY (`id`),
  KEY `hid` (`hid`),
  KEY `num` (`usernum`),
  CONSTRAINT `hid` FOREIGN KEY (`hid`) REFERENCES `hotel` (`hid`),
  CONSTRAINT `num` FOREIGN KEY (`usernum`) REFERENCES `user` (`userId`)
) ENGINE=InnoDB AUTO_INCREMENT=28 DEFAULT CHARSET=utf8;

-- ----------------------------
-- Records of hotelcomment
-- ----------------------------
INSERT INTO `hotelcomment` VALUES ('1', '11', '1', '2018-04-02 09:00:42', '香格里拉大酒店，真的值这么多钱，哈哈！！！！！', '1');
INSERT INTO `hotelcomment` VALUES ('2', '12', '1', '2018-04-02 09:01:28', '香格里拉大酒店，真的值这么多钱，哈哈！！！！！', '1');
INSERT INTO `hotelcomment` VALUES ('3', '13', '2', '2018-04-03 09:05:12', '江西宾馆，真的值这么多钱，哈哈！！！！！', '1');
INSERT INTO `hotelcomment` VALUES ('4', '11', '1', '2018-04-18 21:04:16', '南昌唐古拉酒店是出行的不错选择！！', '1');
INSERT INTO `hotelcomment` VALUES ('5', '13', '4', '2018-04-18 21:09:10', '南昌米兰假日酒店是出行的不错选择！！', '1');
INSERT INTO `hotelcomment` VALUES ('6', '11', '4', '2018-04-18 21:12:29', '南昌米兰假日酒店是出行的不错选择！！', '1');
INSERT INTO `hotelcomment` VALUES ('7', '15', '4', '2018-04-18 21:14:49', '南昌米兰假日酒店是出行的不错选择！！', '1');
INSERT INTO `hotelcomment` VALUES ('8', '13', '4', '2018-04-18 21:14:58', '南昌米兰假日酒店是出行的不错选择！！', '1');
INSERT INTO `hotelcomment` VALUES ('9', '15', '2', '2018-04-18 21:15:35', '江西宾馆，真的值这么多钱，哈哈！！！！！', '1');
INSERT INTO `hotelcomment` VALUES ('10', '13', '5', '2018-04-18 21:39:11', '嘉莱特和平国际酒店是南昌市第一家按照五星级标准建造', '1');
INSERT INTO `hotelcomment` VALUES ('12', '11', '5', '2018-04-18 21:45:57', '容美发厅、桑拿按摩和足浴区域，水疗保健、室内游泳池，应有尽有', '1');
INSERT INTO `hotelcomment` VALUES ('13', '12', '2', '2018-04-18 21:49:09', '西餐厅等可一次性接待 1200 余人', '1');
INSERT INTO `hotelcomment` VALUES ('14', '13', '2', '2018-04-18 21:49:19', '西餐厅等可一次性接待 1200 余人', '1');
INSERT INTO `hotelcomment` VALUES ('15', '13', '5', '2018-04-18 21:49:24', '西餐厅等可一次性接待 1200 余人', '1');
INSERT INTO `hotelcomment` VALUES ('16', '11', '3', '2018-04-18 21:50:06', '拥有各类宽敞舒适的客房。', '1');
INSERT INTO `hotelcomment` VALUES ('17', '13', '4', '2018-04-18 21:50:08', '拥有各类宽敞舒适的客房。', '1');
INSERT INTO `hotelcomment` VALUES ('18', '15', '4', '2018-04-18 21:50:22', '拥有各类宽敞舒适的客房。', '1');
INSERT INTO `hotelcomment` VALUES ('19', '11', '6', '2018-04-19 09:11:07', '毗邻商业中心：3C未来谷（数码产品），天虹商城，万达广场，华润万家。', '1');
INSERT INTO `hotelcomment` VALUES ('20', '13', '6', '2018-04-19 09:11:37', '周边休闲旅游的景点有：摩天轮（红谷滩标志型建筑），秋水广场（亚洲第一高音乐喷泉）等', '1');
INSERT INTO `hotelcomment` VALUES ('21', '13', '3', '2018-04-19 09:19:52', '南昌明园大酒店，去年出差的时候住过！！', '1');
INSERT INTO `hotelcomment` VALUES ('22', '13', '11', '2018-04-19 10:34:34', '赣州宾馆是您洽谈商务，下榻休息的理想选择！', '1');
INSERT INTO `hotelcomment` VALUES ('23', '13', '10', '2018-04-26 21:11:27', '赣州赣龙大酒店条件不错！！', '1');
INSERT INTO `hotelcomment` VALUES ('24', '13', '32', '2018-04-28 19:34:02', '不错的酒店', '1');
INSERT INTO `hotelcomment` VALUES ('25', '13', '32', '2018-04-28 19:34:02', '不错的酒店', '0');
INSERT INTO `hotelcomment` VALUES ('26', '18279171713', '5', '2018-05-04 17:52:56', '不错的酒店', '1');
INSERT INTO `hotelcomment` VALUES ('27', '17516019380', '23', '2018-05-04 21:34:11', '好豪华的酒店啊！！', '1');

-- ----------------------------
-- Table structure for information
-- ----------------------------
DROP TABLE IF EXISTS `information`;
CREATE TABLE `information` (
  `id` int(11) NOT NULL AUTO_INCREMENT,
  `title` varchar(355) DEFAULT NULL,
  `ptime` datetime DEFAULT NULL,
  `pic` varchar(255) DEFAULT NULL,
  `describle` text NOT NULL,
  `stage` int(11) DEFAULT NULL,
  PRIMARY KEY (`id`)
) ENGINE=InnoDB AUTO_INCREMENT=14 DEFAULT CHARSET=utf8;

-- ----------------------------
-- Records of information
-- ----------------------------
INSERT INTO `information` VALUES ('1', '春节逛吃哪里去？看九江庙会、灯展集锦', '2018-03-26 16:09:51', 'information/n1.jpg', '日前，记者从市旅发委获悉，我市旅游资源规划开发质量等级评定委员会通过现场检查、达标审核、集体研究等程序，经公示无异议后，确定我市新安函谷关景区、伊川鹤鸣峡风景区、嵩县石头部落景区、东方红工业游景区4家景区为国家3A级旅游景区。\r\n\r\n至此，我市国家A级旅游景区数量已增至45家。其中，国家5A级旅游景区5家，国家4A级旅游景区18家，国家3A级旅游景区17家，国家2A级旅游景区5家。\r\n\r\n另悉，嵩县白云小镇景区也有望获批国家3A级旅游景区，目前正在公示(2月4日至9日)。待公示结束，我市国家A级旅游景区数量将达到46家。', '1');
INSERT INTO `information` VALUES ('2', '春节九江超嗨的节目单出炉', '2018-04-23 20:45:35', 'information/e41e7a5f-1fe5-4c39-be55-f149f89feb1f.png', '日前，记者从市旅发委获悉，我市旅游资源规划开发质量等级评定委员会通过现场检查、达标审核、集体研究等程序，经公示无异议后，确定我市新安函谷关景区、伊川鹤鸣峡风景区、嵩县石头部落景区、东方红工业游景区4家景区为国家3A级旅游景区。\r\n\r\n至此，我市国家A级旅游景区数量已增至45家。其中，国家5A级旅游景区5家，国家4A级旅游景区18家，国家3A级旅游景区17家，国家2A级旅游景区5家。\r\n\r\n另悉，嵩县白云小镇景区也有望获批国家3A级旅游景区，目前正在公示(2月4日至9日)。待公示结束，我市国家A级旅游景区数量将达到46家。', '1');
INSERT INTO `information` VALUES ('3', '婺源各景区“冬游季”活动大比拼', '2018-04-02 16:12:00', 'information/n3.jpg', '日前，记者从市旅发委获悉，我市旅游资源规划开发质量等级评定委员会通过现场检查、达标审核、集体研究等程序，经公示无异议后，确定我市新安函谷关景区、伊川鹤鸣峡风景区、嵩县石头部落景区、东方红工业游景区4家景区为国家3A级旅游景区。\r\n\r\n至此，我市国家A级旅游景区数量已增至45家。其中，国家5A级旅游景区5家，国家4A级旅游景区18家，国家3A级旅游景区17家，国家2A级旅游景区5家。\r\n\r\n另悉，嵩县白云小镇景区也有望获批国家3A级旅游景区，目前正在公示(2月4日至9日)。待公示结束，我市国家A级旅游景区数量将达到46家。', '1');
INSERT INTO `information` VALUES ('4', '美！滑雪看戏吃鱼宴，今年过年来彭泽县！', '2018-04-23 20:51:26', 'information/2ceeac43-a975-476f-8f8d-5b81db1add4d.png', '日前，记者从市旅发委获悉，我市旅游资源规划开发质量等级评定委员会通过现场检查、达标审核、集体研究等程序，经公示无异议后，确定我市新安函谷关景区、伊川鹤鸣峡风景区、嵩县石头部落景区、东方红工业游景区4家景区为国家3A级旅游景区。\r\n\r\n至此，我市国家A级旅游景区数量已增至45家。其中，国家5A级旅游景区5家，国家4A级旅游景区18家，国家3A级旅游景区17家，国家2A级旅游景区5家。\r\n\r\n另悉，嵩县白云小镇景区也有望获批国家3A级旅游景区，目前正在公示(2月4日至9日)。待公示结束，我市国家A级旅游景区数量将达到46家。', '1');
INSERT INTO `information` VALUES ('5', '婺源各景区“冬游季”活动等你来', '2018-04-02 16:13:19', 'information/n4.jpg', '日前，记者从市旅发委获悉，我市旅游资源规划开发质量等级评定委员会通过现场检查、达标审核、集体研究等程序，经公示无异议后，确定我市新安函谷关景区、伊川鹤鸣峡风景区、嵩县石头部落景区、东方红工业游景区4家景区为国家3A级旅游景区。\r\n\r\n至此，我市国家A级旅游景区数量已增至45家。其中，国家5A级旅游景区5家，国家4A级旅游景区18家，国家3A级旅游景区17家，国家2A级旅游景区5家。\r\n\r\n另悉，嵩县白云小镇景区也有望获批国家3A级旅游景区，目前正在公示(2月4日至9日)。待公示结束，我市国家A级旅游景区数量将达到46家。', '1');
INSERT INTO `information` VALUES ('6', '正月十五，这些习俗要了解', '2018-04-03 16:13:50', 'information/n5.jpg', '日前，记者从市旅发委获悉，我市旅游资源规划开发质量等级评定委员会通过现场检查、达标审核、集体研究等程序，经公示无异议后，确定我市新安函谷关景区、伊川鹤鸣峡风景区、嵩县石头部落景区、东方红工业游景区4家景区为国家3A级旅游景区。\r\n\r\n至此，我市国家A级旅游景区数量已增至45家。其中，国家5A级旅游景区5家，国家4A级旅游景区18家，国家3A级旅游景区17家，国家2A级旅游景区5家。\r\n\r\n另悉，嵩县白云小镇景区也有望获批国家3A级旅游景区，目前正在公示(2月4日至9日)。待公示结束，我市国家A级旅游景区数量将达到46家。', '1');
INSERT INTO `information` VALUES ('7', '江西省旅发委传达学习全国“两会”精神', '2018-04-04 15:22:44', 'information/n1.jpg', '3月21日下午，江西省旅发委召开全体干部职工大会，传达学习全国两会精神和全省领导干部大会精神。省旅发委党组书记、主任欧阳泉华出席会议并讲话。欧阳泉华指出，全委上下、全省旅游系统必须认真领略习近平总书记高瞻远瞩、运筹帷幄的领袖风范，心系国家、情系人民的人格魅力和马克思主义政治家的政治智慧、雄才大略；必须切实体会习近平总书记当选国家主席、中央军委主席，是中国共产党、中华人民共和国、中国人民解放军领导人“三位一体”领导体制的制度安排，是中国特色社会主义的独特政治和制度优势，是维护以习近平同志为核心的党中央权威和集中统一领导，为实现党的十九大描绘的宏伟蓝图提供坚实的政治根基、组织根基这一丰富历史意义；必须始终牢记、深切认同习近平总书记是新时代中国特色社会主义的开创者，是实现中华民族伟大复兴中国梦的领航者，是全党拥护、人民爱戴、当之无愧的党的核心、军队统帅、人民领袖，是新时代中国特色社会主义国家掌舵者、人民的领路人。', '1');
INSERT INTO `information` VALUES ('8', '婺源各景区“冬游季”活动等你来', '2018-04-23 20:52:17', 'information/af921230-73b8-4236-8424-1126282e1c4d.png', '日前，记者从市旅发委获悉，我市旅游资源规划开发质量等级评定委员会通过现场检查、达标审核、集体研究等程序，经公示无异议后，确定我市新安函谷关景区、伊川鹤鸣峡风景区、嵩县石头部落景区、东方红工业游景区4家景区为国家3A级旅游景区。\r\n\r\n至此，我市国家A级旅游景区数量已增至45家。其中，国家5A级旅游景区5家，国家4A级旅游景区18家，国家3A级旅游景区17家，国家2A级旅游景区5家。\r\n\r\n另悉，嵩县白云小镇景区也有望获批国家3A级旅游景区，目前正在公示(2月4日至9日)。待公示结束，我市国家A级旅游景区数量将达到46家。', '1');
INSERT INTO `information` VALUES ('9', '美！滑雪看戏吃鱼宴，今年过年来彭泽县！', '2018-04-10 15:26:21', 'information/n2.jpg', '3月21日下午，江西省旅发委召开全体干部职工大会，传达学习全国两会精神和全省领导干部大会精神。省旅发委党组书记、主任欧阳泉华出席会议并讲话。欧阳泉华指出，全委上下、全省旅游系统必须认真领略习近平总书记高瞻远瞩、运筹帷幄的领袖风范，心系国家、情系人民的人格魅力和马克思主义政治家的政治智慧、雄才大略；必须切实体会习近平总书记当选国家主席、中央军委主席，是中国共产党、中华人民共和国、中国人民解放军领导人“三位一体”领导体制的制度安排，是中国特色社会主义的独特政治和制度优势，是维护以习近平同志为核心的党中央权威和集中统一领导，为实现党的十九大描绘的宏伟蓝图提供坚实的政治根基、组织根基这一丰富历史意义；必须始终牢记、深切认同习近平总书记是新时代中国特色社会主义的开创者，是实现中华民族伟大复兴中国梦的领航者，是全党拥护、人民爱戴、当之无愧的党的核心、军队统帅、人民领袖，是新时代中国特色社会主义国家掌舵者、人民的领路人。', '1');
INSERT INTO `information` VALUES ('10', '美！滑雪看戏吃鱼宴，今年过年来彭泽县！', '2018-04-23 20:52:30', 'information/385a5eab-b4e7-438b-816a-8c5b3bc128c9.jpg', '日前，记者从市旅发委获悉，我市旅游资源规划开发质量等级评定委员会通过现场检查、达标审核、集体研究等程序，经公示无异议后，确定我市新安函谷关景区、伊川鹤鸣峡风景区、嵩县石头部落景区、东方红工业游景区4家景区为国家3A级旅游景区。\r\n\r\n至此，我市国家A级旅游景区数量已增至45家。其中，国家5A级旅游景区5家，国家4A级旅游景区18家，国家3A级旅游景区17家，国家2A级旅游景区5家。\r\n\r\n另悉，嵩县白云小镇景区也有望获批国家3A级旅游景区，目前正在公示(2月4日至9日)。待公示结束，我市国家A级旅游景区数量将达到46家。', '1');
INSERT INTO `information` VALUES ('11', '冬日航拍江西 半山苍翠半山霜 ', '2018-03-26 15:28:09', 'information/n2.jpg', '日前，记者从市旅发委获悉，我市旅游资源规划开发质量等级评定委员会通过现场检查、达标审核、集体研究等程序，经公示无异议后，确定我市新安函谷关景区、伊川鹤鸣峡风景区、嵩县石头部落景区、东方红工业游景区4家景区为国家3A级旅游景区。\r\n\r\n至此，我市国家A级旅游景区数量已增至45家。其中，国家5A级旅游景区5家，国家4A级旅游景区18家，国家3A级旅游景区17家，国家2A级旅游景区5家。\r\n\r\n另悉，嵩县白云小镇景区也有望获批国家3A级旅游景区，目前正在公示(2月4日至9日)。待公示结束，我市国家A级旅游景区数量将达到46家。', '1');
INSERT INTO `information` VALUES ('12', '“大金鸡”亮相婺源江湾，百人拼图嗨爆大年！', '2018-04-23 21:11:37', 'information/e9e997f7-2838-4db1-9f22-74d39bb491da.png', '1月21日是南方小年，婺源乡村过大年在国家5A级景区江湾红红火火地拉开了帷幕。在这里有浓浓的年味，淡淡的乡愁，热闹欢庆的气氛，历来是媒体报导的焦点，今年的过大年格外引人关注。这里百人拼图、据说还有“大金鸡”现身；这里有传统民俗杀年猪、祈福纳吉的傩舞、写春联、原汁原味的乡村佳肴；这里有游客们共同参与的打糍粑、包粽子、做清明果……嗨爆全天。\r\n   2017年农历鸡年，一只两米多高的“大金鸡”炯炯有神、昂首屹立在婺源江湾景区宗祠广场，金鸡报春晓，寓意着来年更美好。大雄鸡屹立东方足以让现场游人眼前一亮，而在其下方的一个四方台更是锦上添花，台的正面是一幅中国地图，其余几面分别是南海群岛、西沙群岛图案，让游客在观光的同时，能更深入了解祖国的领土完整，非常有意义。', '1');
INSERT INTO `information` VALUES ('13', '江西庐山西海温泉度假村', '2018-04-26 20:14:49', 'information/f974a097-9097-4cca-96c7-1eb77451b84f.png', '专家介绍，温泉中达国家医疗标准的理化成分有5种，西海温泉就有氟、偏硅酸、硫化氢、氡4种，这在温泉中是不多见的。其PH值很高，其沐浴梳洗的润滑感及去污功能也很高，可与陕西临潼贵妃泉媲美。西海温泉有浓郁泰国风情的泰皇宫水疗馆、神秘莫测的太极八卦区、五彩斑斓的西海瑶池、简洁洗练的东瀛居、欧陆风格的巴斯之泉、添加名贵中草药的药王洞、情趣盎然的天体浴场，以及水上动感乐园等理疗型、运动型温泉水公园。这里可以很好地满足人们对中式、日式、泰式、罗马式以及芬兰式等不同温泉文化的需要。\r\n  西海温泉度假村的标志性建筑是一座按照五星标准打造的酒店，拥有包括总统套房、蜜月套房、豪华行政套房、豪华家庭套房、别墅和公寓酒店在内的各种客房600多间，每套房间均引有温泉水。酒店还设有多功能会议室、贵宾接待室，西海阁宴会厅、西海轩中餐厅、西海岸西餐厅、西海韵咖啡厅、西海明珠夜总会和私房菜府等餐饮娱乐设施。园区还打造了近百栋面积从300—500平方米不等的豪华温泉别墅和900余套公寓，并配有温泉泡池、私家泳池、按摩浴缸、观景露台、独立车客房价格自驾线路：武汉（武汉高速）→黄石市（黄小高速）→ 九江市（昌九高速）→艾城镇（省道）→虬津镇（省道）→虎山收费站（省道）→西海温泉。', '1');

-- ----------------------------
-- Table structure for manager
-- ----------------------------
DROP TABLE IF EXISTS `manager`;
CREATE TABLE `manager` (
  `usernum` varchar(255) NOT NULL,
  `password` int(11) DEFAULT NULL,
  `username` varchar(255) DEFAULT NULL,
  `tel` varchar(255) DEFAULT NULL,
  PRIMARY KEY (`usernum`)
) ENGINE=InnoDB DEFAULT CHARSET=utf8;

-- ----------------------------
-- Records of manager
-- ----------------------------
INSERT INTO `manager` VALUES ('1122', '123456', '刘晓妮', '18279161314');
INSERT INTO `manager` VALUES ('1123', '123456', '欧阳杰', '18367564513');

-- ----------------------------
-- Table structure for sccomment
-- ----------------------------
DROP TABLE IF EXISTS `sccomment`;
CREATE TABLE `sccomment` (
  `cid` int(11) NOT NULL AUTO_INCREMENT,
  `userNum` varchar(255) NOT NULL,
  `secenyNum` int(11) NOT NULL,
  `ptime` datetime DEFAULT NULL,
  `content` text NOT NULL,
  `stage` int(10) DEFAULT NULL,
  PRIMARY KEY (`cid`),
  KEY `secenyNum` (`secenyNum`),
  KEY `userNum` (`userNum`),
  CONSTRAINT `secenyNum` FOREIGN KEY (`secenyNum`) REFERENCES `scenic` (`scenicId`),
  CONSTRAINT `unum` FOREIGN KEY (`userNum`) REFERENCES `user` (`userId`)
) ENGINE=InnoDB AUTO_INCREMENT=39 DEFAULT CHARSET=utf8;

-- ----------------------------
-- Records of sccomment
-- ----------------------------
INSERT INTO `sccomment` VALUES ('1', '11', '1', '2018-04-02 14:46:02', '滕王阁位于沿江北路，赣江与抚河交汇处，高大约57.5米感觉比黄鹤楼和岳阳楼都要雄伟，传说中的江南三大名楼之一，唐代著名诗人王勃的一首《滕王阁序》，使之声名远播，如今我们带着怀古的情绪来到此地，时过境迁，古人描述的壮景已不复存在，还是文学作品都有其浪漫主义的风格，和实物是不严格匹配的。不过登阁远望，见赣水苍茫，江天辽阔，也是不错的风景，只是感叹自己没有王勃的胸怀和意境罢了，俗人就是俗人啊。', '1');
INSERT INTO `sccomment` VALUES ('2', '12', '1', '2018-04-23 14:58:29', '习惯并且爱上了走在路上的感觉不是想去探寻什么只是心中泛滥的小情怀在走。', '1');
INSERT INTO `sccomment` VALUES ('3', '13', '1', '2018-04-02 23:59:12', '不错的地方，值得来游玩。', '1');
INSERT INTO `sccomment` VALUES ('4', '12', '2', '2018-04-08 20:46:57', '秋水广场是一个不错的地方。', '1');
INSERT INTO `sccomment` VALUES ('5', '13', '2', '2018-04-09 20:47:42', '秋水广场的音乐喷泉好美啊。', '1');
INSERT INTO `sccomment` VALUES ('6', '14', '3', '2018-04-10 20:48:54', '八一起义纪念馆，一个神圣的地方。', '1');
INSERT INTO `sccomment` VALUES ('7', '12', '3', '2018-04-10 20:49:22', '带上你的孩子，一起来品味新中国的光辉吧。', '1');
INSERT INTO `sccomment` VALUES ('8', '11', '4', '2018-04-09 20:50:09', '南昌万达海洋乐园，奇妙的海底世界，带上你的孩纸来吧！！', '1');
INSERT INTO `sccomment` VALUES ('9', '12', '4', '2018-04-09 20:51:11', '不一样的海底世界，感受水下动物的奇妙旅程。', '1');
INSERT INTO `sccomment` VALUES ('10', '14', '5', '2018-04-10 20:52:22', '带上你的她，来享受爱情之旅吧！！！', '1');
INSERT INTO `sccomment` VALUES ('11', '12', '5', '2018-04-10 20:53:37', '站在高处，领略不一样的南昌风光。', '1');
INSERT INTO `sccomment` VALUES ('12', '11', '6', '2018-04-09 20:54:46', '梅岭国家级风景名胜区，呼吸大自然的空气！！！', '1');
INSERT INTO `sccomment` VALUES ('13', '13', '6', '2018-04-09 20:56:18', '带上你的家人，一起开启自然之旅吧！！', '1');
INSERT INTO `sccomment` VALUES ('14', '12', '7', '2018-04-08 20:57:00', '朱德同志是国家的骄傲，令人佩服！！', '1');
INSERT INTO `sccomment` VALUES ('15', '13', '8', '2018-04-09 20:57:55', '八一起义纪念塔，在这里品味革命战士的英勇无畏！！', '1');
INSERT INTO `sccomment` VALUES ('16', '13', '8', '2018-04-02 20:59:22', '带上孩子，让他们懂得和平的来之不易。', '1');
INSERT INTO `sccomment` VALUES ('17', '14', '9', '2018-04-10 21:01:45', '来革命烈士纪念堂，感受不一样的脉搏，体味不一样的峥嵘岁月！！', '1');
INSERT INTO `sccomment` VALUES ('18', '13', '10', '2018-04-03 21:02:54', '一只铁血军队，顽强的战斗力！！', '1');
INSERT INTO `sccomment` VALUES ('19', '14', '11', '2018-04-09 21:05:49', '绳金塔，有好吃的，好玩的饿，来玩吧！！', '1');
INSERT INTO `sccomment` VALUES ('26', '13', '12', '2018-04-09 21:06:57', '二十军指挥部旧址，体会那时候的峥嵘岁月！！！', '1');
INSERT INTO `sccomment` VALUES ('27', '13', '5', '2018-04-15 21:39:13', '旅游好去处，想去玩一次！！！', '1');
INSERT INTO `sccomment` VALUES ('28', '12', '5', '2018-04-15 21:39:41', '有没有结伴的，一起去浪啊！！', '1');
INSERT INTO `sccomment` VALUES ('29', '17', '10', '2018-04-16 09:47:33', '战斗的英雄，铁血的战士，令人钦佩，为你们点赞。', '1');
INSERT INTO `sccomment` VALUES ('30', '14', '2', '2018-04-16 11:08:11', '秋水广场的音乐喷泉的确好看，有时间去玩！！', '1');
INSERT INTO `sccomment` VALUES ('31', '11', '2', '2018-04-18 08:44:34', 'eee', '1');
INSERT INTO `sccomment` VALUES ('32', '11', '21', '2018-04-18 18:57:40', '红军长征纪念馆，体验红色基因的好地方！！', '1');
INSERT INTO `sccomment` VALUES ('33', '11', '10', '2018-04-18 19:46:47', '铁血的战士，顽强的战斗力！！', '1');
INSERT INTO `sccomment` VALUES ('34', '11', '19', '2018-04-26 15:59:45', '吃水不忘挖井人，学会感恩。', '1');
INSERT INTO `sccomment` VALUES ('35', '14', '2', '2018-04-26 20:55:08', '每周末我都会去秋水广场看精彩的音乐喷泉表演！！', '1');
INSERT INTO `sccomment` VALUES ('36', '13', '3', '2018-04-26 21:10:27', '感悟红色革命！！！', '1');
INSERT INTO `sccomment` VALUES ('37', '11', '46', '2018-04-29 18:59:59', '不错的地方哦！', '1');
INSERT INTO `sccomment` VALUES ('38', '18279171713', '27', '2018-05-04 16:41:22', '不错哦！！', '1');

-- ----------------------------
-- Table structure for scenic
-- ----------------------------
DROP TABLE IF EXISTS `scenic`;
CREATE TABLE `scenic` (
  `scenicId` int(11) NOT NULL AUTO_INCREMENT,
  `name` varchar(255) NOT NULL,
  `scenicNum` int(11) NOT NULL,
  `scenicAddress` varchar(255) NOT NULL,
  `pic1` varchar(255) NOT NULL,
  `title1` varchar(255) NOT NULL,
  `pic2` varchar(255) NOT NULL,
  `pic3` varchar(255) NOT NULL,
  `video` text,
  `describle` text,
  `cost` double(10,2) NOT NULL,
  `time` varchar(255) DEFAULT NULL,
  `tel` varchar(255) CHARACTER SET ujis DEFAULT NULL,
  `category` int(11) DEFAULT NULL,
  `stage` int(11) DEFAULT NULL,
  PRIMARY KEY (`scenicId`),
  KEY `scenicNum` (`scenicNum`),
  CONSTRAINT `scenicNum` FOREIGN KEY (`scenicNum`) REFERENCES `area` (`areaNum`)
) ENGINE=InnoDB AUTO_INCREMENT=54 DEFAULT CHARSET=utf8;

-- ----------------------------
-- Records of scenic
-- ----------------------------
INSERT INTO `scenic` VALUES ('1', '滕王阁', '1101', '江西省南昌市西北部沿江路赣江东岸', 'area/1101/scenic/1.jpg', '滕王阁，江南三大名楼之一 ，位于江西省南昌市西北部沿江路赣江东岸，始建于唐朝永徽四年，因唐太宗李世民之弟——李元婴始建而得名，因初唐诗人王勃诗句“落霞与孤鹜齐飞，秋水共长天一色”而流芳后世。', 'area/1101/scenic/1.jpg', 'area/1101/scenic/1.jpg', 'https://v.qq.com/iframe/player.html?vid=n0344d5we2u&tiny=0&auto=0', '滕王阁，江南三大名楼之一 ，位于江西省南昌市西北部沿江路赣江东岸，始建于唐朝永徽四年，因唐太宗李世民之弟——李元婴始建而得名，因初唐诗人王勃诗句“落霞与孤鹜齐飞，秋水共长天一色”而流芳后世。贞观年间，唐高祖李渊之子、唐太宗李世民之弟李元婴曾被封于山东滕州故为滕王，且于滕州筑一阁楼名以“滕王阁”（已被毁），后滕王李元婴调任江南洪州（今江西南昌），因思念故地滕州修筑了著名的“滕王阁”，此阁因王勃一首“滕王阁序”为后人熟知，成为永世的经典。 滕王阁与湖北武汉黄鹤楼、湖南岳阳楼并称为“江南三大名楼”。历史上的滕王阁先后共重建达29次之多，屡毁屡建。\r\n\r\n2001年元月核准为首批国家AAAA级旅游景区。', '150.00', '8:00-22:00（双休日时间延长至晚上23:00）', '123456', '0', '1');
INSERT INTO `scenic` VALUES ('2', '秋水广场', '1101', '江西省南昌市赣江中大道中段 ', 'area/1101/scenic/2.jpg', '秋水广场 ，位于江西省南昌市红谷滩新区的赣江之滨，紧邻行政中心广场，于2004年1月28日落成，是利用荒滩兴建，既防洪，又观景，与滕王阁隔江相望，再现了千古名篇《滕王阁序》中的\"落霞与孤鹜齐飞，秋水共长天一色\"的意境--秋水广场正是由此而得名。', 'area/1101/scenic/2.jpg', 'area/1101/scenic/2.jpg', 'https://v.qq.com/iframe/player.html?vid=l0550k66d6s&tiny=0&auto=0', '秋水广场 ，位于江西省南昌市红谷滩新区的赣江之滨，紧邻行政中心广场，于2004年1月28日落成，是利用荒滩兴建，既防洪，又观景，与滕王阁隔江相望，再现了千古名篇《滕王阁序》中的\"落霞与孤鹜齐飞，秋水共长天一色\"的意境--秋水广场正是由此而得名;是一座以喷泉为主题，集旅游、购物、观光为一体的大型休闲广场。红谷滩秋水广场上音乐灯光喷泉引人注目，是亚洲最大的音乐喷泉群，喷水池面积1.2万平方米，主喷高度达128米，是南昌市一靓丽景观。人们可一边欣赏音乐一边观看滕王阁美景。\r\n\r\n\"南昌秋水广场\"于2004年元月一日对外开放，广场总体平面为月牙形，依江而立。江岸线长1100米，最宽处110米。世界第二超级音乐喷泉 南昌秋水广场拥有目前全国最大的音乐喷泉群。 音乐喷泉位于秋水广场的中心地带，临江建有一个长280米、宽25米的大型江边悬挑平台。共配置了包括中心主喷、环形高喷、圆形摇摆喷泉和数控跑泉在内的共22个水景，水景长达800米，共装有636台水泵、1591个喷头，为亚洲最大的音乐喷泉群，是国际化观光旅游的大型休闲广场。', '0.00', '全天', '123456', '0', '1');
INSERT INTO `scenic` VALUES ('3', '八一起义纪念馆', '1101', '南昌市西湖区中山路中段380号 ', 'area/1101/scenic/3.jpg', '南昌八一起义纪念馆成立于1956年，1959年10月1日正式对外开放，1961年被国务院公布为首批全国重点文物保护单位(所辖五处革命旧址--南昌起义总指挥部旧址、贺龙指挥部旧址、叶挺指挥部旧址、朱德军官教育团旧址和朱德旧居)，国家AAAA级旅游景区。', 'area/1101/scenic/3.jpg', 'area/1101/scenic/3.jpg', 'https://v.qq.com/iframe/player.html?vid=q05636blixj&tiny=0&auto=0', '南昌八一起义纪念馆成立于1956年，1959年10月1日正式对外开放，1961年被国务院公布为首批全国重点文物保护单位(所辖五处革命旧址--南昌起义总指挥部旧址、贺龙指挥部旧址、叶挺指挥部旧址、朱德军官教育团旧址和朱德旧居)，国家AAAA级旅游景区。\r\n\r\n南昌八一起义纪念馆位于江西省南昌市西湖区中山路，占地面积5903平方米。是江西省文化厅，南昌市文广新局共同管理的副处级文博事业单位。\r\n\r\n2016年12月，八一南昌起义纪念馆入选《全国红色旅游景点景区名录》。', '60.00', '8:00-20:00', '123456', '1', '1');
INSERT INTO `scenic` VALUES ('4', '南昌万达海洋乐园', '1101', '江西省南昌市红谷滩九龙湖新区 ', 'area/1101/scenic/4.jpg', '南昌万达海洋乐园 坐落于南昌市万达文化旅游城里面的万达茂内，是由美国著名设计公司TVS担纲设计，韩国第一海洋馆经营公司--韩华集团和万达集体携手打造的中国内陆地区的顶级海洋馆。', 'area/1101/scenic/4.jpg', 'area/1101/scenic/4.jpg', 'https://v.qq.com/iframe/player.html?vid=d01909clyso&tiny=0&auto=0', '南昌万达海洋乐园 坐落于南昌市万达文化旅游城里面的万达茂内，是由美国著名设计公司TVS担纲设计，韩国第一海洋馆经营公司--韩华集团和万达集体携手打造的中国内陆地区的顶级海洋馆。场馆建筑面积近四万平米，水体量超过了两个\"水立方\";另外海洋生物300多种，鱼类数量2万8千尾。', '100.00', '早上10：00-晚上22:00点 ', '123456', '0', '1');
INSERT INTO `scenic` VALUES ('5', '南昌之星摩天轮', '1101', '南昌市红谷滩新区红角洲赣江边上的赣江市民公园', 'area/1101/scenic/5.jpg', '\"南昌之星\"摩天轮，又名南昌之星，位于江西省南昌市红谷滩新区红角洲赣江边上的赣江市民公园。高160米，同时在世界上仅次于拉斯维加斯摩天轮(167米)和新加坡飞行者(165米)摩天轮，为南昌市标志性建筑。', 'area/1101/scenic/5.jpg', 'area/1101/scenic/5.jpg', 'https://v.qq.com/iframe/player.html?vid=a0527g9uwuo&tiny=0&auto=0', '\"南昌之星\"摩天轮，又名南昌之星，位于江西省南昌市红谷滩新区红角洲赣江边上的赣江市民公园。高160米，同时在世界上仅次于拉斯维加斯摩天轮(167米)和新加坡飞行者(165米)摩天轮，为南昌市标志性建筑。原为世界第一高摩天轮高度高于英国伦敦的伦敦之眼，现为世界第三高，国内第一高的摩天轮。\r\n\r\n\"南昌之星\"摩天轮由国家煤科研究总院上海分院设计，轮面彩灯由六七千根LED半导体照明器件构成，全部亮灯后除了可以显示一座直径为153米的巨型彩色时钟，还可根据需要设定不同图案，建筑动工于2005年，于2006年竣工，投资总额达1亿元人民币，诠释着南昌作为世界动感都会的昂首姿态，成为南昌的重要地标之一。', '150.00', '早上10：00-晚上22:00点 ', '123456', '0', '1');
INSERT INTO `scenic` VALUES ('6', '梅岭', '1101', '江西省南昌市湾里区 ', 'area/1101/scenic/6.jpg', '梅岭风景名胜区最高点海拔841米（洗药湖），主要景观有：洗药湖避暑度假区、江南最大尼姑庵之一的天宁古寺、中国音乐鼻祖伶伦修炼地、古南昌十景之一的洪崖丹井、江西省最大的皇室墓葬皇姑墓以及狮子峰、脚鱼潭瀑布区、翟岩寺、紫阳官、邓仙洞、真君墓、方志敏烈士墓等。', 'area/1101/scenic/6.jpg', 'area/1101/scenic/6.jpg', 'https://v.qq.com/iframe/player.html?vid=a0315jn2o4t&tiny=0&auto=0', '梅岭风景区位于南昌市西郊。山势嵯峨，层峦叠翠，四时秀色，气候宜人。素有\"小庐山\"之称。 梅岭原名飞鸿山，早在汉朝初年，就辟有驿道。西汉末年，南昌县尉梅福为抵制王莽专政，退隐西郊飞鸿山。后人纪念他的高风亮节，在岭上建梅仙坛，岭下建梅仙观，改飞鸿山为梅岭。唐朝以来，有张九龄、张商英、周必大、王安石、张位五位丞相，欧阳修、曾巩、黄庭坚、陈师道、汤显祖等文学家，岳飞等武将，慕名而来，留下了许多名诗佳作和文人景观。', '80.00', '全天', '123456', '0', '1');
INSERT INTO `scenic` VALUES ('7', '朱德旧居', '1101', '南昌市花园角2号', 'travel\\2e6dc756-02b1-4cde-904c-b52f990af212.jpg', '位于南昌市花园角2号。这是一所砖木结构两层楼房，坐西\r\n朱德旧居朱德旧居\r\n朝东，雕花飞檐悬于门楣，两扇大门，内有天井，是典型的江南民居。', 'travel\\52e4bbc9-03fe-4215-9c3c-2d36a2f70731.jpg', 'travel\\0b9269d0-c057-4447-b92c-027d755f9e22.png', 'https://v.qq.com/iframe/player.html?vid=l0544nd63wq&tiny=0&auto=0', ' 朱德旧居位于南昌市花园角2号。这是一所砖木结构两层楼房，坐西朝东，雕花飞檐悬于门楣，两扇大门，内有天井，是典型的江南民居。\r\n　　1926年12月，朱德受党的指示来到南昌，包租了花园角2号，利用国共合作的形势；创办了军官教育团，并担任国民革命军第五路军总参议兼第三军军官教育团团长和南昌警备司令、公安局长。在此期间，朱德为发展和保护革命力量做了大量的工作。\r\n　　1927年7月下旬，周恩来肩负着组织和领导起义的重任，从武汉来到南昌的第一天起，就住在这所住宅的厅堂里。旧居的一楼北侧是朱德的卧室，南、北前房及正房是警卫员的住房。二楼北侧是郭沫若的住房，他曾在此写下《请看今日蒋介石》。现已按原貌恢复了朱德卧室及周恩来住过的厅堂。', '70.00', '全天', '123456', '1', '1');
INSERT INTO `scenic` VALUES ('8', '八一起义纪念塔', '1101', '江西省南昌市区中心的人民广场南端', 'area/1101/scenic/8.jpg', '八一南昌起义纪念塔坐落在南昌市区中心的人民广场南端。1977年为纪念\"八一\"起义五十周年而建。塔呈长方体，总高45.5米。正北面是叶剑英元帅题写的\"八一南昌起义纪念塔\"九个铜胎鎏金大字，下\r\n八一南昌起义纪念塔八一南昌起义纪念塔\r\n嵌\"八一南昌起义简介\"花岗石碑。', 'area/1101/scenic/8.jpg', 'area/1101/scenic/8.jpg', 'https://v.qq.com/iframe/player.html?vid=b0160upsrwx&tiny=0&auto=0', '八一南昌起义纪念塔坐落在江西省南昌市区中心的人民广场南端。1977年“八一南昌起义继承孙中山的兰花革命起义”五十周年时破土兴建，1979年1月8日落成。塔为长方体，总高45.5米。正北面是叶剑英元帅题写的“八一南昌起义纪念塔”九个铜胎鎏金大字，下嵌“八一南昌起义简介”花岗石碑。其他三面是“宣布起义”、“攻打敌营”、“欢呼胜利”三幅大型花岗石浮雕。塔身两侧各有一片翼墙，嵌有青松和万年青环抱的中国工农红军旗徽浮雕。塔顶由直立的花岗石雕“汉阳造”步枪和用红色花岗石拼贴的八一军旗组成。 ', '0.00', '全天', '123456', '1', '1');
INSERT INTO `scenic` VALUES ('9', '革命烈士纪念堂', '1101', '江西省南昌市八一大道北段', 'area/1101/scenic/9.jpg', '江西省革命烈士纪念堂 是江西省民政厅直属的全额拨款优抚事业单位，机构建制县级，下设4个科，定编47人。全堂占地面积1.7万余平方米，陈列大楼建筑面积5千余平方米。绿化覆盖率达60%，是省级园林化单位。', 'area/1101/scenic/9.jpg', 'area/1101/scenic/9.jpg', 'https://v.qq.com/iframe/player.html?vid=t0024x5c0tb&tiny=0&auto=0', '江西革命烈士纪念堂位于江西省南昌市八一大道北段，建于1953年。纪念堂前的广场中心有一座红军战士塑像。堂的前厅有毛泽东手迹：“共产主义是不可抗拒的！”、“星星之火，可以燎原！”、“死难烈士万岁！”。正厅祭坛上立有纪念碑，由朱德题字：“革命烈士永垂不朽！”\r\n　　陈列柜中，珍藏25万余革命烈士名册。两边厅陈列第二次国内革命战争时期的10个战斗史迹。二、三楼陈列300多位烈士生平斗争事迹、遗著和遗物等。\r\n　　位于八一大道北段，建于1953年。纪念堂前的广场中心有一座红军战士塑像。堂的前厅有毛泽东手迹：“共产主义是不可抗拒的！”“星星之火，可以燎原！”、“死难烈士万岁！”正厅祭坛上立有纪念碑，由朱德题字：“革命烈士永垂不朽！”陈列柜中，珍藏25万余革命烈士名册。两边厅陈列第二次国内革命战争时期的10个战斗史迹。二、三楼陈列300多位烈士生平斗争事迹、遗著和遗物等。\r\n　　江西革命烈士纪念堂位于八一大道北段，建于1953年。纪念堂前的广场中心有一座红军战士塑像。\r\n　　江西革命烈士纪念堂\r\n　　堂的前厅有毛泽东手迹：“死难烈士万岁！”正厅祭坛上立有朱德题写的“革命烈士永垂不朽！”纪念碑：陈列柜中，珍藏有25万余革命烈士名册；两边厅陈列了第二次国内革命战争时期的10个战斗史迹；二楼和三楼陈列着300多位烈士生平斗争事迹、遗著和遗物等。\r\n　　交通：南昌市公共交通车１、２、７、１１路可以到达。\r\n　　江西革命烈士纪念堂位于八一大道北段，建于1953年。纪念堂前的广场中心有一座红军战士塑像。堂的前厅有毛泽东手迹：“死难烈士万岁！”正厅祭坛上立有纪念碑，由朱德题字：“革命烈士永垂不朽！”陈列柜中，珍藏25万余革命烈士名册；两边厅陈列第二次国内革命战争时期的10个战斗史迹；二楼和三楼陈列300多位烈士生平斗争事迹、遗著和遗物等。\r\n　　烈士墓区坐落在陵园的西北侧，由烈士墓、烈士纪念堂和无名烈士陵三部分组成。这里长眠着近1 700位牺牲于不同时期的革命烈士。无名烈士陵的正前方是长明火坛，昼夜燃烧的熊熊火焰象征着烈士们生命之火不熄，革命精神永存。陵园东侧是碑苑。这里的碑亭、碑壁和碑石上镌刻着烈士们的诗文。碑文字体各异，都出自国内一流名家之手笔，堪称当代书法之集成。', '40.00', '10:00-20:00', '12143242', '1', '1');
INSERT INTO `scenic` VALUES ('10', '新四军军部旧址', '1101', '南昌市西湖区友竹花园7号', 'area/1101/scenic/10.jpg', '新四军军部旧址，是建于1915年，是北洋军阀张勋的公馆，内有两栋砖木结构楼房和一栋平房，属中西合璧的古建筑。 1938年1月6日新四军军部驻扎于此，完成了组建新四军的艰巨任务。', 'area/1101/scenic/10.jpg', 'area/1101/scenic/10.jpg', 'https://v.qq.com/iframe/player.html?vid=c0619w9pefd&tiny=0&auto=0', '新四军军部旧址，建于1915年，是北洋军阀张勋的公馆，内有两栋砖木结构楼房和一栋平房，属中西合璧的古建筑。\r\n　　1938年1月6日新四军军部驻扎于此，完成了组建新四军的艰巨任务。由八省红军游击健儿组成的新四军走出深山老林，路上了北上抗日征途，成为华中抗日的中流砥柱，为中华民族的解放事业建立了不朽功勋。\r\n　　南昌新四军军部旧址因其历史价值重大面被定为省级文物保护单位、省级爱国主义教育基地。目前旧址内设有4个展览：\r\n　　一是新四军军部旧址复原展，展出新四军领导人叶挺、项英、曾山、黄道、周子昆、邓子恢、陈丕显、赖传珠办公和居住的房间及他们的生平图片展。\r\n　　二是《铁的新四军》大型展览，分为四个展厅：铁流滚滚出深山；群英聚集南昌城；大江南北抗敌寇；铁军精神万代传。全面、系统地展现了新四军从1937年成立至1947年改编为华东野战军十年间的光辉战斗历程和英雄业绩。\r\n　　三是《新四军木刻展》展出创作于抗战时期保存至今的新四军木刻作品60幅。\r\n　　四是张勋公馆建筑艺术作品长廊展。\r\n　　位于临沂市河东区九曲镇前河湾村。1945年10月，陈毅、粟裕指挥新四军北进，将军部设在此处长达一年之久，并在这里指挥了著名的宿北战役、鲁南战役、召开了华野前委会议。会上，陈毅作了《一面打仗，一面建设》的重要报告。1947年2月，我军撤出后，敌机对其进行了轰炸，房屋大部被毁。现仅存8间，为市级重点文物保护单位。陈毅、粟裕、张云逸等老一辈革命家用过的桌椅、书橱、马槽等文物保护完好。\r\n　　南昌新四军军部旧址原为北洋军阀张勋的公馆（建于1915年）。1938年1月6日，国发革命军陆军新编第四军军部从汉口迁驻于此，开始正式办公。相继设在这里的还有中共中央东南分局和新四军驻赣办事处。军长叶挺、副军长兼东南分局书记项英、东南分局副书记兼江西省委书记曾山、新四军驻赣办事处主任黄道等曾在此居住、办公。\r\n　　军部在南昌期间，除了组织改编南方八省红军、游击队为新四军，指挥各部队开赴皖南集结处，还广泛开展抗日民族统一战线和抗日救亡活动，恢复和发展中共党的基层组织，输送大批青年奔赴抗日前线，使沉寂的南昌变成了南方的延安。4月4日，军部离开南昌开赴抗日前线。新四军驻赣办事处从东书院街移驻张勋公馆，与留在南昌的中共中央东南分局坚持工作，直到1939年3月26日南昌沦陷前夕。', '70.00', '10:00-20:00', '2423434', '1', '1');
INSERT INTO `scenic` VALUES ('11', '绳金塔', '1101', '江西省南昌市西湖区绳金塔街东侧，原古城进贤门外', 'area/1101/scenic/11.jpg', '绳金塔，位于江西省南昌市西湖区绳金塔街东侧，原古城进贤门外，始建于唐天佑年间(公元904~907年)，相传建塔前异僧惟一掘地得铁函一只，内有金绳四匝，古剑三把(分别刻有\"驱风\"、\"镇火\"、\"降蛟\"字样)还有金瓶一个，盛有舍利子三百粒，绳金塔因此而得名。', 'area/1101/scenic/11.jpg', 'area/1101/scenic/11.jpg', 'https://v.qq.com/iframe/player.html?vid=u053404nu2g&tiny=0&auto=0', '绳金塔，位于江西省南昌市西湖区绳金塔街东侧，原古城进贤门外，始建于唐天佑年间(公元904~907年)，相传建塔前异僧惟一掘地得铁函一只，内有金绳四匝，古剑三把(分别刻有\"驱风\"、\"镇火\"、\"降蛟\"字样)还有金瓶一个，盛有舍利子三百粒，绳金塔因此而得名。\r\n\r\n绳金塔古朴秀丽，具有中国江南建筑的典型艺术风格，自唐代始建至今，已有1100多年的历史，是历史信息的载体，是古代汉族劳动人民智慧的结晶。绳金塔素有\"水火既济，坐镇江城\"之说，是南昌人的镇城之宝。', '67.00', '10:00-20:00', '2423434', '0', '1');
INSERT INTO `scenic` VALUES ('12', '二十军指挥部旧址', '1101', '南昌市子固路８５号', 'area/1101/scenic/12.jpg', ' 二十军指挥部旧址即贺龙指挥部旧址系“南昌八一起义”旧址群之一，坐落在南昌市子固路８５号，院内有两幢楼房，一幢是二十军军部办公室，另一幢是贺龙的办公室兼卧室，以及刘伯承、恽代英等的住房。 ', 'area/1101/scenic/12.jpg', 'area/1101/scenic/12.jpg', 'https://v.qq.com/iframe/player.html?vid=y0542xvv2p2&tiny=0&auto=0', '   二十军指挥部旧址即贺龙指挥部旧址系“南昌八一起义”旧址群之一，坐落在南昌市子固路８５号，院内有两幢楼房，一幢是二十军军部办公室，另一幢是贺龙的办公室兼卧室，以及刘伯承、恽代英等的住房。\r\n　　贺龙指挥部旧址原为中华圣公会宏道堂，是一座中西合璧的古建筑，1927年7月下旬，贺龙率领国民革命军第二十军进驻南昌，参加南昌起义，军指挥部设在宏道堂，部分起义领导人住在宏道堂后小楼寓所，并在此举行过多次策划起义行动的重要会议，1927年8月1日凌晨，贺龙、刘伯承、周逸群在此指挥了武装起义。大楼前三楼窗口仍留有当年敌方炮弹弹痕，为起义时激战景况的实录。旧址小楼有军官会议室的复原陈列，大楼大厅还设有《贺龙元帅生平展》。', '45.00', '10:00-20:00', '34534543', '1', '1');
INSERT INTO `scenic` VALUES ('13', ' 庐山风景名胜区', '1102', '九江市庐山市南36公里鄱阳湖畔(近九江星子)', 'area/1102/scenic/1.png', '　庐山无数次出现在文人墨客的诗词歌赋中，其中以苏轼一句“不识庐山真面目，只缘身在此山中”最为著名。如今庐山已是一处很成熟的旅游景区，山中的青山绿水、飞瀑、日出，还有近代别墅，引得不少游人来此一窥“庐山真面目”。', 'area/1102/scenic/2.png', 'area/1102/scenic/3.png', 'https://v.qq.com/iframe/player.html?vid=j05249ntost&tiny=0&auto=0', '庐山为国家级风景名胜区、国家AAAAA级旅游景区、国家地质公园、国家级自然保护区、世界文化景观遗产。\r\n　　庐山位于中国中部江西省九江市南，北濒长江，东接鄱阳湖，面积302平方公里，全山共有90多座山峰，最高峰大汉阳峰，海拔1473.4米。群峰间散布有许多壑谷、岩洞、瀑布、溪涧，地形地貌复杂。\r\n　　庐山无数次出现在文人墨客的诗词歌赋中，其中以苏轼一句“不识庐山真面目，只缘身在此山中”最为著名。如今庐山已是一处很成熟的旅游景区，山中的青山绿水、飞瀑、日出，还有近代别墅，引得不少游人来此一窥“庐山真面目”。\r\n　　庐山，位于中国江西省的北部，东经115度52分—116度零8分,北纬29度26分—29度41分，面积302平方公里,外围保护地带面积五百平方公里。北濒一泻千里的长江，南襟烟波浩渺的鄱阳湖，大江、大湖、大山浑然一体，险峻与秀丽刚柔相济，素以“雄、奇、险、秀”闻名于世。\r\n　　早在一千二百多年前，唐代著名诗人李白便这样赞美庐山：“予行天下，所游山水甚富，俊伟诡特，鲜有能过之者，真天下之壮观也。”有“匡庐奇秀甲天下”之美誉，历代诗人墨客，更是慕名而来，纷纷赋诗填词，历史上李白、白居易、岳飞、文天祥、苏东坡、李时珍、徐霞客等均到过此处。庐山寺、庙、宫、观多达三百处，是我国佛教和道教的中心之一。庐山以避暑和冬游胜地享誉海内外，其各国风格的别墅为中国名山所罕见。\r\n　　庐山，作为著名的世界遗产地，历经多年的开发建设，其在地理、资源和服务功能上的三大优势进一步显现。庐山是一座地垒式断块山，外险内秀。具有河流、湖泊、坡地、山峰等多种地貌。主峰------大汉阳峰，海拔1474米；庐山自古命名的山峰便有171座。群峰间散布冈岭26座，峡谷20条，岩洞16个，怪石22处。水流在河谷发育裂点，形成许多急流与瀑布，瀑布22处，溪涧18条，湖潭14处。著名的三叠泉瀑布，落差达155米。庐山奇特瑰丽的山水景观具有极高的科学价值和旅游观赏价值。\r\n　　庐山生物资源丰富。森林覆盖率达76.6%。高等植物近3000种，昆虫2000余种，鸟类170余种，兽类37种。山麓鄱阳湖候鸟保护区是“鹤的王国”，有世界最大的白鹤群，被誉为中国的“第二座万里长城”。\r\n　　庐山地处中国亚热带东部季风区域，面江临湖，山高谷深，具有鲜明的山地气候特征，年平均降水1917毫米，年平均雾日191天，年平均相对湿度78%，每年7月--9月平均温度16.9摄氏度，夏季极端最高温度32摄氏度。良好的气候和优美的自然环境，是庐山成为世界著名的避暑胜地。\r\n　　庐山地区早在六千年前，便有人类活动。长久以来，人们在这里创造了内涵丰富、影响深远的庐山文化。作为大禹时所做的《禹贡》及稍后的《上海经》，均有庐山古称的记载。公元前126年，司马迁“南登庐山”，并将“庐山”载入了中国第一部纪传体史书《史记》。东晋陶渊明、谢灵运、宗炳等一大批文化名人，陆续来到庐山，进行了杰出的文化艺术创作，使庐山成为中国田园诗的诞生地、中国山水诗的策源地、中国山水画的发祥地。此后，李白、白居易、苏轼、王安石、黄庭坚、陆游、康有为、陈三立、胡适、徐志摩、郭沫若等1500余位诗人相续登山，写诗4000余首，其中名篇佳作灿若珠玑。\r\n　　庐山“道释同尊”。公元四世纪，高僧慧远在庐山建东林寺，首创观像念佛的净土法门，开创中国化佛教，代表佛教中国化的大趋势；禅师竺道生在庐山精舍，开创“顿悟说”。天师张道陵，一度在庐山-；道教禅师之一的陆道静，在庐山建简寂观，编撰藏道经1200卷，奠定了“道藏”基础，并创立了道教灵宝派。', '110.00', '10:00-20:00', '343456', '0', '1');
INSERT INTO `scenic` VALUES ('14', '三叠泉', '1102', '江西省九江市的庐山东南九叠谷', 'area/1102/scenic/4.png', '三叠泉在全国有几处，最为出名为位于江西省九江市的庐山东南九叠谷', 'area/1102/scenic/5.png', 'area/1102/scenic/6.png', 'https://v.qq.com/iframe/player.html?vid=t0552mgg8kq&tiny=0&auto=0', '三叠泉在全国有几处，最为出名为位于江西省九江市的庐山东南九叠谷，是国家AAAAA级旅游景区。经环庐山旅游公路可达。距九江市区26公里。是集险峰怪石、飞瀑流泉为一体的山丘型旅游地。\r\n宋绍熙二年（1191）始被樵者发现，故有“一朝何事失扃钥，樵者得之人共传”的诗句。20世纪80年代初期开始进行旅游开发，2001年11月经国家林业局批准为国家森林公园。另有安徽黟县三叠泉和珠海横琴三叠泉。三叠泉又名三级泉、水帘泉，位于江西省著名风景区庐山风景区中。\r\n古人称“匡庐瀑布，首推三叠”，誉为“庐山第一奇观”，由大月山、五老峰的涧水汇合，从大月山流出，经过五老峰背，由北崖悬口注入大盘石上，又飞泻到二级大盘石，再喷洒至三级盘石，形成三叠，故名；\r\n立于泉下盘石向上仰观，但见抛珠溅玉的三叠泉宛如白鹭千片，上下争飞；又如百幅冰绡，抖腾长空；万斛明珠，九天飞洒。经阳光折射，五光十色，瑰丽夺目，恰似银河九天飞来。立于”观瀑亭”可又俯视三叠。听瀑鸣如击鼓，吼若轰雷；见瀑像喷晶抛珠，水洒溅玉，连垂素练，落入深谷。仰看与俯视各蔚壮观，自成美趣，故有“不到三叠泉，不算庐山客”之说。\r\n有趣的是，历史上，三叠泉曾长期未被发现，隐居在它上源屏风叠的李白和在它下游白鹿洞讲学的朱熹都不知咫尺之地有此胜境。直到南宋绍熙辛亥年（公元1191年），三叠泉才被人发现，渐渐赢得庐山第一景观的美誉。自此往后，各代诗家名流皆竞相前来观赏，并留下诸多名篇佳作。\r\n宋绍熙二年（1191）始被樵者发现，故有“一朝何事失扃钥，樵者得之人共传”的诗句。20世纪80年代初期开始进行旅游开发，2001年11月经国家林业局批准为国家森林公园。飘如雪、断如雾、缀如流、挂如帘”！它随着季节和雨水多寡的变化而不同，暮春初夏季节，飞瀑如发怒的玉龙，轰然疾下，震天动地；仲夏严冬，雨水较少，则水帘如丝，轻盈柔美，春夏秋冬，各有千秋。三叠泉的壮丽，曾引起当时已离任的朱熹的向往，请人将“三叠新泉”绘成一图，挂在堂上时时欣赏，以弥补他“未能一游其下，一快心目”的愿望。诗人曾为之讴歌赞美，宋代诗人白玉蟾《三叠泉》诗云：“九层峭壁划青空，三叠鸣泉飞暮雨”、“寒入山谷吼千雪，派出银河轰万古”。\r\n立于泉下盘石向上仰观，但见抛珠溅玉的三叠泉宛如白鹭千片，上下争飞；又如百幅冰绡，抖腾长空；万斛明珠，九天飞洒。经阳光折射，五光十色，瑰丽夺目，恰似银河九天飞来。立于“观瀑亭”可又俯视三叠。听瀑鸣如击鼓，吼若轰雷；见瀑像喷晶抛珠，水洒溅玉，连垂素练，落入深谷。仰看与俯视各蔚壮观，自成美趣，故有“不到三叠泉，不算庐山客”之说。', '60.00', '10:00-20:00', '345567', '0', '1');
INSERT INTO `scenic` VALUES ('15', '浔阳楼', '1102', '江西省九江市浔阳区滨江东路', 'area/1102/scenic/7.png', '浔阳楼，江南十大名楼之一，位于江西省九江市浔阳区滨江东路，紧靠长江之滨。因九江古称浔阳而得名，初为民间酒楼，至今已有1200年的历史，是溶名楼、名著、名酒为一体的景点。', 'area/1102/scenic/8.png', 'area/1102/scenic/9.png', 'https://v.qq.com/iframe/player.html?vid=t0552mgg8kq&tiny=0&auto=0', '浔阳楼，江南十大名楼之一，位于江西省九江市浔阳区滨江东路，紧靠长江之滨。因九江古称浔阳而得名，初为民间酒楼，至今已有1200年的历史，是溶名楼、名著、名酒为一体的景点。\r\n浔阳楼之名最早见之于唐代江州（今江西九江）刺史韦应物的诗中。随后，白居易在《题浔阳楼》诗中又描写了它周围的景色，而真正使浔阳楼出名的是古典名著《水浒传》。小说中的宋江题反诗、李逵劫法场等故事使浔阳楼名噪天下。\r\n现在的浔阳楼，为1987年由九江市人民政府重建。总体占地2000平方米。主楼占地300平方米，高21米，外三层内四层，九脊层顶，龙檐飞翔，瓦朱栏，四面回廊，古朴凝重，建筑面积为1000平方米。\r\n浔阳楼曾由设计过黄鹤楼的工程师向欣然设计。在设计过程中，他参照舆刊本《水浒传》插图和宋代《清明上河图》的建筑风格，进行设计。楼北两面顶檐下各悬有由赵朴初题写的《浔阳楼》巨幅匾额.浔阳楼因九江古称浔阳而得名，初为民间酒楼，至今已有1200年的历史。由于九江自古以来就是长江南岸一座交通要道和经济发达的城市，所以，雄距长江畔的浔阳楼也历来是名人云集之地。如：白居易、韦应物、苏东坡等等，都曾登楼题咏。留下许多脍炙人口的佳话。更因施耐庵写下一部《水浒传》，其中一位主要人物--宋江曾经在浔阳楼醉酒题反诗，随着名人名著流芳百世，浔阳楼也蜚声海内外，吸引着社会各届人士到此参观。浔阳楼是一座具有典型宋代建筑风格的楼宇，又是一个集游览参观、喝茶听书和餐饮为一体的旅游景点。由全国佛教协会会长、书法家赵朴初题写的\"浔阳楼\"匾额赫然高悬，\"世间无比酒，天下有名楼\"这幅古老的楹联则吸引着无数游客驻足。\r\n一楼大厅东西两壁镶嵌了两幅大型瓷板画，彩绘着“宋公明发配江州城”、“浔阳楼宋江题反诗”、“黄文炳设计害宋江”、“梁山泊好友劫法场”等栩栩如生的画面，为浔阳楼增加了传奇色彩。大厅内还陈列着全国旅游景点上唯一的一套《水浒》一百单八将的人物瓷像，这一作品把一个英雄好汉的形象栩栩如生地展现在游客面前。爱好书画的朋友还可在楼内欣赏到多幅出自名家之手的书画作品和诗词楹联。\r\n二楼忠义堂为当年宋江醉酒题诗处，现仍备有宋江当年喝过的那种酒（称作\"蓝桥风月\"美酒），以及独具特色的\"水浒宴\"。在此可体会一番把酒临风的雅兴。 二楼还展出了介绍浔阳楼历史的书籍和地方名胜风光图片。\r\n三楼是回廊，主要陈列字画。\r\n四楼为茶室，也是赏景的最佳处，摆满了仿古桌椅。浔阳楼是溶名楼、名著、名酒为一体的名胜。游客在此可远眺庐山、近观长江、鄱阳湖，再听导游将各个景点细细道来，真是饶有趣味。身居室内，喝茶乘凉，再听上一段精彩的北京评书，你可体会到一种特殊的韵味。', '0.00', '10:00-20:00', '123243', '0', '1');
INSERT INTO `scenic` VALUES ('16', '南昌起义旧址', '1102', '南昌起义庐山会议旧址位于庐山东谷中五路336号', 'area/1102/scenic/10.png', '起义庐山会议旧址位于庐山东谷中五路336号，原为庐山仙岩饭店，建于1910年，占地面积336平方米，砖木结构，三层楼房。', 'area/1102/scenic/11.png', 'area/1102/scenic/12.png', 'https://v.qq.com/iframe/player.html?vid=t0552mgg8kq&tiny=0&auto=0', '  南昌起义庐山会议旧址位于庐山东谷中五路336号，原为庐山仙岩饭店，建于1910年，占地面积336平方米，砖木结构，三层楼房。1927年7月21日，鲍罗廷、瞿秋白、李立三、聂荣臻、邓中夏、林伯渠、叶挺、彭湃、郭亮9人在仙岩饭店厨房里召开会议（因当时林伯渠的叔叔在仙岩饭店当厨师），进一步分析了形势，研究了南昌起义的纲领、计划，对领导机构的安排以及起义时间等都作出了决定。26日，周恩来、彭湃、陈赓等人上庐山，下榻于此，于27日下山步行到德安，坐火车赶到南昌，当天成立前敌委员会。1937年6月4～15日和1946年8月5日，周恩来两度到庐山与蒋介石会商国共合作、和谈事宜，均下榻此处。', '40.00', '10:00-20:00', '2343243', '1', '1');
INSERT INTO `scenic` VALUES ('17', '工农革命军旧址', '1102', '修水县城凤凰山路，名冷家祠', 'area/1102/scenic/13.png', ' 工农革命军第一军第一师师部旧址全国重点文物保护单位。位于修水县城凤凰山路，名冷家祠，原为修水商会钱业会馆，占地面积1200平方米，建筑面积350平方米，坐北朝南，一进二重，分别为一幢砖木结构的平房和一幢混凝土二层楼房，麻石门框，小青瓦屋面，四水归内，中有天井。', 'area/1102/scenic/14.png', 'area/1102/scenic/15.png', 'https://v.qq.com/iframe/player.html?vid=t0552mgg8kq&tiny=0&auto=0', '工农革命军第一军第一师师部旧址全国重点文物保护单位。位于修水县城凤凰山路，名冷家祠，原为修水商会钱业会馆，占地面积1200平方米，建筑面积350平方米，坐北朝南，一进二重，分别为一幢砖木结构的平房和一幢混凝土二层楼房，麻石门框，小青瓦屋面，四水归内，中有天井。1927年8月7日，中共中央决定在湘鄂赣边区组织秋收起义；12日，由共产党员卢德铭任团长的国民革命军第四集团军第二方面军总指挥部警卫团和湖南平江工农义勇军攻克修水县城；当月下旬，与湖南浏阳和湖北崇阳、通城的农民自卫军在修水山口统编为工农革命军第一军第一师，师部驻在县城当时为县商会的冷家祠。何长工等人奉命设制工农革命军第一军第一师军旗。9月9日，秋收起义第一枪在修水打响，以镰刀斧头为标志的五星红旗高高飘扬在修河上空。该旧址上堂前为工农革命军第一面军旗设计、制作的地方，左右房间为师长、副师长办公与居住；下堂前左、右各2间房，为师部八大处办公室；天井为青石铺砌，两侧厢房为警卫战士陈士榘、韩伟（解放后分别被授予上将、中将军衔）值班室。师部旧址正门前为练兵场。在离师部旧址大约200米处，还存有秋收起义誓师大会旧址以及师直特务连驻地旧址。师部旧址于1987年12月被江西省人民政府公布为省级文物保护单位，2006年5月被国务院公布为全国重点文物保护单位。', '34.00', '10:00-20:00', '2343434', '1', '1');
INSERT INTO `scenic` VALUES ('18', '\"马垱守卫战\"遗址', '1102', '彭泽县马垱镇境内的长江南岸', 'area/1102/scenic/16.png', '抗日战争“马垱守卫战”遗址位于彭泽县马垱镇境内的长江南岸。1930年10月，周建屏率红十军组织“彭泽暴动”，先攻下彭泽县城，随后占领马垱要塞，达到了“切断长江交通”的预期目的。从1937年冬开始，江西省江防委员会调集9个县的民工，在马垱修筑和加固防御工事。', 'area/1102/scenic/17.png', 'area/1102/scenic/18.png', 'https://v.qq.com/iframe/player.html?vid=t0552mgg8kq&tiny=0&auto=0', '抗日战争“马垱守卫战”遗址位于彭泽县马垱镇境内的长江南岸。1930年10月，周建屏率红十军组织“彭泽暴动”，先攻下彭泽县城，随后占领马垱要塞，达到了“切断长江交通”的预期目的。从1937年冬开始，江西省江防委员会调集9个县的民工，在马垱修筑和加固防御工事。1938年6月，国民党53师驻守马垱要塞；24日，守军与日军发生一昼夜的激战，击沉敌舰4艘，击伤2艘，击毙日军500余人；26日，经过激烈的争夺，马垱要塞失守。现正在进行全面修复和扩建。\r\n马当要塞炮台的由来。\r\n\r\n    马当炮台是抗日战争紧急关头临时建起来的，它基本上分为三部分，在马当娘山、牛山、鸡公嘴各地都筑起钢筋水泥为主体的炮台，主阵地由海军炮队8门舰炮组成，它射程很远，从2000米可打到15000米之间，并配有陆战队，约200余人。其它附属炮阵地上，主要是高炮和陆军野战炮，约有50余门，火力相当凶猛。第二部分是在马当前水域里，布上600余枚水雷，并毁掉江面上一切航标设施。第三部分是海军舰艇配备在封锁线以内，一是随时机动布雷，二是用舰炮和岸炮配合，补充岸炮某些死角的不足。保护岸炮阵地。\r\n\r\n    为什么要组建马当要塞炮台呢?这对今天年轻人来说是不可理解的。当时中国海军很弱小，跟日本强大海军相比，不到三分之一，要跟日军在海上作战是不可能的，只能是近岸利用地形地物来建立封锁线、岸炮台，配有舰艇来阻挡日本海军的进攻，减缓日军进攻的速度．粉碎日军“3个月灭亡中国”的神话。中国海军主要退守在长江里，阻止日本海军溯江而上配合陆军作战的计划，因此，中国海军抗日战争的血战主要在长江里进行。\r\n\r\n    建立第一道封锁线是江阴，马当要塞可以说是第二道封锁线。\r\n\r\n    1938年6月15日\r\n\r\n    日军华中派遣军直辖的最凶悍的波田支队，在海军舰艇和航空部队的支援下，同中国川军20军和50军，在安庆地区的长江两岸，反复争夺，鏖战近半个月，日军才取得该地，打开了长江通向武汉的第一道大门。\r\n\r\n    6月8日，日军第6师团，从安徽舒城地区南下，于6月18日攻占了潜山，加强了波田支队的攻势，同时也稳住了该支队的后方。\r\n\r\n    安庆失守，马当、湖口等地就成为武汉的前哨阵地。\r\n\r\n    国民党海军总司令陈绍宽上将，根据蒋介石的命令，会同第九、第五战区部队，在马当至汉口间构筑若干要塞炮台，设立江防要塞司令部，以谢刚哲为司令官。要塞司令部将所属军舰炮艇和海军陆战队，统编为3个总队。\r\n\r\n    第1总队：驻防九江上游的田家镇、葛店一线；\r\n\r\n    第2总队：驻防马当要塞；\r\n\r\n    第3总队：驻防湖口要塞。\r\n\r\n    为便于海、陆军协同作战，防守长江水域，在马当、湖口要塞司令部之上，又设马湖要塞指挥部，由陆军第16军军长李温衍兼任指挥。马当要塞由陆军王锡焘充任要塞司令，海军炮队的队长由陈永钦担任。湖口要塞由陆军第77师师长彭位仁充任要塞司令。\r\n\r\n    这就是武汉战区长江地区的中国军队兵力情况。\r\n\r\n ', '23.00', '10:00-20:00', '354345', '1', '1');
INSERT INTO `scenic` VALUES ('19', '红井', '1103', ' 赣州沙洲坝', 'area/1103/scenic/1.png', '  旧社会，瑞金沙洲坝流传一首民谣：“有女莫嫁沙洲坝，天早无水洗头帕。”说的是沙洲坝是个干早缺水的地方。住在沙洲坝的人吃的是又脏又臭的塘水，吃了容易生病。也有人想过要挖井，可是一来穷，没人提得起头，二来又信迷信，听风水先生说过，沙洲坝的龙脉是条旱龙，不能打井，打井会坏龙脉，所以更没有人敢去冒这个风险。', 'area/1103/scenic/2.png', 'area/1103/scenic/3.png', 'https://v.qq.com/iframe/player.html?vid=t0552mgg8kq&tiny=0&auto=0', ' 旧社会，瑞金沙洲坝流传一首民谣：“有女莫嫁沙洲坝，天早无水洗头帕。”说的是沙洲坝是个干早缺水的地方。住在沙洲坝的人吃的是又脏又臭的塘水，吃了容易生病。也有人想过要挖井，可是一来穷，没人提得起头，二来又信迷信，听风水先生说过，沙洲坝的龙脉是条旱龙，不能打井，打井会坏龙脉，所以更没有人敢去冒这个风险。于是沙洲坝的人也只得祖祖辈辈到塘里去挑水喝。\r\n　　一九三一年，瑞金成立了中华苏维埃中央政府。政府起初设在叶坪，后来因为白匪军狂轰滥炸，为了安全防空，从叶坪迁到沙洲坝。毛泽东主席便住在沙洲坝的村子里。\r\n　　有一天傍晚，毛主席办完公事从外面回来，一下马，看见乡亲们在塘里挑水，便问：“这水挑去做什么用？”乡亲们回答说：“吃呀！”毛主席说：“水这么脏，能吃吗？”乡亲们苦笑着说：“有什么办法，再脏也得吃啊！”毛主席说：“不会打井么？”乡亲们摇摇头说：“沙洲坝人喝不得井水，这是天命！”毛主席哈哈大笑说：“不要信天命，要信革命！还是打口井吧！”说罢，牵马进村去了。大家也就散了，谁也没有把这话记在心里。仍然每天到塘里挑水吃，毛主席也每天早出晚归忙他的公事。\r\n　　有一天，天刚朦朦亮，起来挑水的人，看见有两个人影在村头走来走去。一个拿着锄头，一个拿着锹，这里锄锄，那里铲铲。谁这么早起来干什么呢？走前一看，原来的毛主席和他的警卫员。挑水的乡亲问：“毛主席，你这是干什么？”毛主席说：“找水源、挖井。”说完，便和警卫员在一块长满油草地地方铲开地皮挖了起来。挖到约有两三尺深，毛主席抓起一把泥土在手里捏了捏，对警卫员说：“行，井位就定在这里，你去叫人来挖。”于是毛主席叫挖井的事，立即传遍了全村，众人都自动的找着锄头铁锹，齐集到村头和毛主席一道挖井。毛主席一边和大家挖井，一边对乡亲们说：“这几天忙，没工夫找大家商量打井的事，今天有半天空，我先替大家找个有水源的地方，定个位，破个土。我知道，你们信风水，怕得罪旱龙王，我不怕，如果旱龙王怪罪下来，让它来找我算帐好了！”逗得大家都笑了。大家说说笑笑，不到一天工夫，一口井便挖成了。从此，沙洲坝的乡亲喝上了井水，结束了祖祖辈辈挑塘水喝的历史。因为井是红军来了以后毛主席亲手挖的，所以乡亲们给这井起了个名字叫“红井”。\r\n　　一九三四年，红军北上抗日走了，反动派杀了回来，听说这井是毛泽东亲手挖的，恨得把井填了。乡亲们只好又去挑那塘水喝了。喝过了又清又甜的井水，再喝这又脏又臭的塘水，那苦味就更难受了。越难受，便越想红军和毛主席。白天不敢到井边来，乡亲们只好等到夜深人静，悄悄来到村头，默默的围坐在井边。抬头看看天上的北斗星，低头摸摸倒塌的井垣，心里念着毛主席，念着红军，只盼红军能早点打回来。\r\n　　有一天晚上，几个靖卫团狗子到村里来查户口，发现村里竟是空空的，来到村头，才发现 全村男女老幼都在井边，靖卫狗子以为又要聚众闹事，胆战心惊地喝问众人：“三更半夜，你们跑到这里来干什么？”一连问了几声，没有人回答，吓得靖卫狗子屁滚尿流回去报告团总。团总一听心里直发毛，起了一身的鸡皮疙瘩。他明白：井是毛泽东挖的，三更半夜再到井边去，分明是在想毛泽东、想红军嘛，这还了得，分明是反心不死啊？于是下了一道禁令：“谁要三更半夜再到井边去，抓住就杀头。”并在井边钉了一块木板牌子，牌子上写着：“违禁者杀”四个大字。\r\n　　可是沙洲坝的乡亲看也不看它一眼，一到夜晚，仍然不约而同的来到村头，默默地围坐在井边，抬头看看北斗星，低头摸摸倒塌的井垣，心里念着红军、念着毛主席，只盼红军能早点打回来。\r\n　　反动派恼了，杀是杀不了那么多人的，只得抓几个人去坐班房，心想这下可能不会再有人敢到井边去了。谁知道，沙洲坝的乡亲，竟当没有那回事一样，一到晚上，还是不约而同的来到村头，默默地围坐在井边，抬头看看天上的北斗星，低头摸摸倒塌的井垣，心里念着红军、念着毛主席，只盼红军能早点打回来。\r\n　　反动派一连抓了几次人，乡亲们一到夜晚，照样不约而同，不声不响的到井边来默默地坐着，反动派看看没办法，只好算了。于是乡亲们不分春夏秋冬，每天晚上都要到村头的井边坐上一 坐。一夜不去，心里便象少了点什么一样，睡在床上也不自在。就这样，一直坐到一九四九年全国解放。\r\n　　解放了，沙洲坝乡亲头一件大事，便是挖井，把填了十五年的井重新挖开、砌好，并在井边也钉上一块木牌，木牌上写上十四个大字：', '0.00', '10:00-20:00', '345345', '1', '1');
INSERT INTO `scenic` VALUES ('20', '毛泽东旧居', '1103', '沙洲坝456路', 'area/1103/scenic/4.png', '  这栋房子原是苏区时期破产地主杨衍兰的私祠，称为元太屋，建于1876年，是典型的客家民居。1933年4月，中央执行委员会从叶坪迁驻这里。', 'area/1103/scenic/5.png', 'area/1103/scenic/6.png', 'https://v.qq.com/iframe/player.html?vid=t0552mgg8kq&tiny=0&auto=0', '这栋房子原是苏区时期破产地主杨衍兰的私祠，称为元太屋，建于1876年，是典型的客家民居。1933年4月，中央执行委员会从叶坪迁驻这里。\r\n\r\n    中央执行委员会产生于1931年11月召开的第一次全国苏维埃代表大会，由63名委员组成，毛泽东当选为主席，项英、张国焘为副主席。在1934年1月召开的第二次全国苏维埃代表大会上，选举175人为正式中央执行委员，36人为候补委员，组成新的中央执行委员会。毛泽东继续当选为主席，项英、张国焘为副主席。中央执行委员会是全苏大会闭幕后的最高权力机关，不仅要负责法律的制订和颁发，还要监督各项法律的实施执行。中央执行委员会在成立的三年时间里，共颁发了《土地法》、《劳动法》、《婚姻条例》、《征税条例》等上百个法律条例，为中华苏维埃共和国建设和健康发展，发挥了重要作用。\r\n\r\n    在这里居住和办公的有毛泽东、何叔衡、徐特立、谢觉哉等领导人，除毛泽东之外，其他三位与林伯渠、董必武一起被人们尊称为“苏区五老”。毛泽东在此居住期间，经常深入群众，关心群众生活和生产，并作了长冈乡和才溪乡调查。还先后写下了《必须注意经济工作》、《怎样分析农村阶级》、《我们的经济政策》、《关心群众生活，注意工作方法》等光辉著作。 1934年7月，中央执行委员会离开沙洲坝迁往云石山。该旧址现为全国重点文物保护单位。', '0.00', '10:00-20:00', '4354343', '1', '1');
INSERT INTO `scenic` VALUES ('21', '红军长征纪念馆', '1103', '赣州市长虹区', 'area/1103/scenic/7.png', '中央红军长征出发纪念馆以中央红军集结于都及中央红军长征历程为主线，以长征前夕毛泽东、朱德、周恩来等老一辈革命家在于都开展系列革命活动为载体，采用丰富、翔实的革命历史文物资料和沙盘、图表、画、实物及声、光、电等现代化手段，再现了中央红军被迫实行战略转移的历史背景，体现了中央红军气吞山河，勇往直前的革命英雄主义，讴歌了伟大的长征所凝聚的伟大的长征精神。', 'area/1103/scenic/8.png', 'area/1103/scenic/9.png', 'https://v.qq.com/iframe/player.html?vid=t0552mgg8kq&tiny=0&auto=0', ' 中央红军长征出发纪念馆以中央红军集结于都及中央红军长征历程为主线，以长征前夕毛泽东、朱德、周恩来等老一辈革命家在于都开展系列革命活动为载体，采用丰富、翔实的革命历史文物资料和沙盘、图表、画、实物及声、光、电等现代化手段，再现了中央红军被迫实行战略转移的历史背景，体现了中央红军气吞山河，勇往直前的革命英雄主义，讴歌了伟大的长征所凝聚的伟大的长征精神。\r\n\r\n   中央红军长征出发纪念馆始建于1986年10月，馆址原设在于都县城谢家祠，原馆名叫中央红军长征出发地纪念馆。2005年5月1日，在国家计委、国家旅游局、省委宣传部的关心支持下，在中央红军长征第一渡东侧建设新馆，根据有关领导和专家的建议，更名为中央红军长征出发纪念馆。', '0.00', '10:00-20:00', '12133', '1', '1');
INSERT INTO `scenic` VALUES ('22', '沃尔翁', '1101', '沃尔翁', 'area/1101/scenic/8454bebf-1e1d-4b72-9377-6f7fcfc40294.png', 'IE合法IE惠然', 'area/1101/scenic/a22d17b5-5da9-408c-bbd7-8b4fa208edbd.png', 'area/1101/scenic/31d4f2b9-ba25-411d-808a-c04e76cb4c69.png', 'https://v.qq.com/iframe/player.html?vid=t0552mgg8kq&tiny=0&auto=0', '威风威风', '12.00', '10:00-20:00', '123456', '1', '1');
INSERT INTO `scenic` VALUES ('23', '尖峰时刻积分抵', '1102', '尔尔', 'area/1102/scenic/510401de-3f54-4580-8de2-e69ce0a4d6ff.png', '45图5题他by荣耀5', 'area\\1102\\scenic\\baea2830-4aab-495f-bc96-216b9e0b03a8.png', 'area\\1102\\scenic\\cc2c5c4f-46a2-4f5c-91a8-3946ff9d07f4.png', 'https://v.qq.com/iframe/player.html?vid=l0550k66d6s&tiny=0&auto=0', '3453453v3v34天题天5他', '34.00', '10:00-20:00', '123456', '0', '1');
INSERT INTO `scenic` VALUES ('24', '清贫园', '1104', '上饶市怀玉山', 'area/1104/scenic/e3efa7c3-1414-4bda-b68d-1cf2cafc512c.png', '清贫碑建在方志敏浴血奋战过的怀玉山玉峰盆地的一座小山上，背景为怀玉山主峰云盖峰。碑体以天然的花岗岩构筑而成。由字碑、方志敏头像雕塑两部分组成（字碑宽10米×高4米×厚3.4米）、（头像宽4米×高5米×厚4米）字碑正面全文镌刻方志敏《清贫》手迹，背面镌雕方志敏生平和在怀玉山浴血奋战二十天的历程。　', 'area/1104/scenic/07b5b46f-e79b-46d9-9a7f-6f240ca37cb5.png', 'area/1104/scenic/1ae21f77-3632-4f26-816e-a0eca6e3ffba.png', 'https://v.qq.com/iframe/player.html?vid=i0515slqxjj&tiny=0&auto=0', '清贫园以清贫碑为中心，建设了一个占地10亩的清贫园。通往碑体有三十六级台阶，寓意方志敏传奇、英勇、悲壮的短暂一生（享年36岁）。清贫碑项目于2005年8月25日全面完成，总投资220万元。　　　　\r\n  清贫碑建在方志敏浴血奋战过的怀玉山玉峰盆地的一座小山上，背景为怀玉山主峰云盖峰。碑体以天然的花岗岩构筑而成。由字碑、方志敏头像雕塑两部分组成（字碑宽10米×高4米×厚3.4米）、（头像宽4米×高5米×厚4米）字碑正面全文镌刻方志敏《清贫》手迹，背面镌雕方志敏生平和在怀玉山浴血奋战二十天的历程。　　　', '0.00', '全天', '232434', '1', '1');
INSERT INTO `scenic` VALUES ('25', '叶挺囚室旧址', '1104', '李村叶挺囚室旧址', 'area/1104/scenic/213a245b-a61d-4193-9780-a437e534a3da.png', '叶挺在李村囚禁了半年多的时间，长官部对他用尽了心机，不但没有软化叶挺，倒使他从顾祝同及其幕僚的各式各样的表演中更加看清楚了国民党虚伪腐败的本质。两相对比，也更加深了他对共产党的认识。', 'area/1104/scenic/83df110b-351f-442d-9fa1-28e6605e7081.png', 'area/1104/scenic/cb018ea5-358e-4c7d-b658-6787a939e8e3.png', 'https://v.qq.com/iframe/player.html?vid=s033440x1kx&tiny=0&auto=0', '叶挺在李村囚禁了半年多的时间，长官部对他用尽了心机，不但没有软化叶挺，倒使他从顾祝同及其幕僚的各式各样的表演中更加看清楚了国民党虚伪腐败的本质。两相对比，也更加深了他对共产党的认识。\r\n\r\n    顾祝同无计可施，重庆国民党当局决定将叶挺转囚他处。8月初的一天，一名军官带着一个斑全副武装的卫兵拥进李村囚室，对叶挺说：“蒋委员长请军长到重庆去。”叶挺一看架势，还以为对他要下毒手秘密处决了，作好了从容就义的准备：“你们不要玩什么花招，要杀就在这里杀好了，不用转到什么偏僻地方去！”\r\n\r\n    带队的军官连忙解释说：“军长误会了，我们是奉顾长官的命令来请军长去重庆的，别无他意。”\r\n    叶挺走出李村囚室，被请进门口停着的一辆小汽车。小车发动离去，扬起一路灰尘，临时送到了三战区军法执行监部盘石渡看守所。这是一次李村被囚新四军高级干部的大变动。叶挺押走不久，新四军敌工部长林植夫也随后被押送到了盘石渡监狱。新四军组织部长李子芳和政治部秘书长黄诚被送到了石底监狱。\r\n\r\n    同囚在盘石渡监狱的除林植夫外，还有新四军教导总队副总队长兼教育长冯达飞（事变前夕任第二纵队副司令员）和军部秘书吴正邦等人。叶挺对他们说：“顾祝同说是蒋委员长请我去重庆，我估计此行凶多吉少，也许到不了重庆，我半路上就会遭到暗杀。我个人生死早已无所谓了，只是妻子儿女不得我的音讯，一定焦急得很，我得想办法有所交待。”说罢将一张白纸裁成三张大姆指宽、两寸来长的纸条，提笔在纸条上写着：“此去生死未卜，如有万一，妻子儿女希望朋友们照拂。叶挺 ”。三张纸条都写着同样的内容。\r\n\r\n    写毕，叶挺将三张纸条分送给林植夫、冯达飞、吴正邦三人，郑重地说道：“这是我的‘遗嘱’。你们三个人之中，我看至少有一个可能活着出去。不论是谁，都请替我保存这份‘遗嘱’，将来有机会送出去。好吗？”\r\n\r\n    三人从军长手中郑重地接过字条，点了点头。后来，冯达飞在狱中被杀害，那张字条随之消失；吴正邦变节自首，销毁了军长的字条；林植夫将字条缝在棉衣里面，集中营迁移到闽北建阳徐市镇后托交给因医术高明而幸免遇难的王聿先保存。后因战乱，王聿先几经转折，未能将此‘遗嘱’留存下来。\r\n\r\n    这事鲜有人知，笔者在林植夫自述材料中发现此事后首先通过《江西日报》披露了出去。有人见到《羊城晚报》转载的此稿，说当时军长革命意志非常坚定，早已把个人生死置之度外，是不可能写出这种儿女情长的“遗嘱”的。但笔者认为革命者也是有感情的人，个人生死置之度外并不等于对妻子儿女置之不理，不闻不问。叶挺清楚蒋介石心狠手辣，自己没有按照他的旨意去做，随时都有被秘密处决的可能。叶挺夫妻感情笃深，深爱儿女，身陷囹圄也自然会牵挂着妻子儿女，所以在自己可能遭遇不测之前请朋友们照拂自己的妻子儿女实属人之常情，无可非议。因此这份“遗嘱”并没有给叶挺抹黑，也根本不影响叶挺的高大形象，倒使人看到叶挺也是个有血有肉有感情的革命者。笔者亦曾向王聿先证实过此事。\r\n\r\n    叶挺在盘石渡监狱没关几天，便被转送到桂林，再到重庆。在距上饶狱中写作《囚语》1年零10个月之后，1942年11月21日他在重庆狱中写下了著名的《囚歌》：\r\n    “为人进出的门紧锁着，/为狗爬走的洞敞开着，/一个声音高叫着：/爬出来啊，/给你自由！/我渴望着自由，/但也深知道人的躯体那能由狗的洞子爬出！/我只能期待着，那一天/地下的火冲腾，/把这活棺材和我一齐烧掉，/我应该在烈火和热血中得到永生。”\r\n\r\n    经过多方营救，共产党并提出将邯郸战役俘获的国民党高级将领马法五作为交换条件，蒋介石才答应释放叶挺。1946年3月4日，囚禁了五年之久的叶挺终于获得了自由。出狱第二天他就致电中共中央请求加入共产党，表示要在党中央领导下为中国人民的解放事业贡献自己的一切。两天后(3月7日)，毛泽东亲自修改致叶挺的复电，高度赞扬他“为中华民族解放与人民解放事业进行了二十余年的奋斗，经历了种种严重的考验，全中国都已熟知你对民族与人民的无限忠诚”，决定接受叶挺加入中国共产党。\r\n\r\n    4月8日，叶挺和夫人李秀文、女儿扬眉、儿子阿九一起，与王若飞、秦邦宪、邓发、黄齐生等人同乘一架运输机离开重庆前往延安。飞机不幸坠毁在山西省兴县东南八十里地的黑茶山上，机上人员全部殉难，被称为“四八”烈士。\r\n\r\n    叶挺虽早已悲壮地离去了，但他作为一个杰出的无产阶级军事家载入了人民共和国的光辉史册，永远活在人民的心中。', '0.00', '8:00-22:00', '2443543', '1', '1');
INSERT INTO `scenic` VALUES ('26', '上饶集中营', '1104', '信江南岸黄金山上，信江书院的东侧', 'area/1104/scenic/b8065d1e-bf5a-498c-993c-31cad8eddbc9.png', '闻名于世的上饶集中营，是国民党1941年1月初发动震惊中外的皖南事变之后，同年3月在江西上饶周田、茅家岭、李村、七峰岩等地设立的一座规模庞大的法西斯式人间地狱。这里当时监狱四周架设起铁丝网，负责管理的是军统康泽系特务。', 'area/1104/scenic/5e2643f3-7293-4d9d-85f5-5647fd7886e9.png', 'area/1104/scenic/40c34aae-029e-4709-ad7d-102f3dde4a0b.png', 'https://v.qq.com/iframe/player.html?vid=p0515qx0wur&tiny=0&auto=0', '闻名于世的上饶集中营，是国民党1941年1月初发动震惊中外的皖南事变之后，同年3月在江西上饶周田、茅家岭、李村、七峰岩等地设立的一座规模庞大的法西斯式人间地狱。这里当时监狱四周架设起铁丝网，负责管理的是军统康泽系特务。第三战区特务团调遣一个加强排担任看守，监狱门外有荷枪实弹的卫兵日夜站岗。主要囚禁皖南事变中谈判被扣的新四军军长叶挺和弹尽粮绝被俘的新四军排以上干部，还有部分从东南各省地方以上抓来的共产党员和其它爱国进步人士,共700余人。这些爱国志士在狱中秘密党组织的领导下,同凶残的国民党特务进行了英勇的斗争,并成功地举行了著名的茅家岭暴动和赤石暴动,谱写了一曲曲气贯长虹的无产阶级正气歌.\r\n　　为了缅怀在集中营牺牲的近200名革命烈士,继承先烈遗志,党和人民政府于1955年在茅家岭建立革命烈士陵园,陆续修建了革命烈士公墓、纪念碑、纪念馆、纪念亭等建筑物。该陵园1988年8月经国务院批准为第二批全国重点革命烈士纪念建筑物保护单位。此后，相继由南京军区、江西省委省政府命名为爱国主义教育基地，1996年由国家教委、民政部、文化部、国家文物局、共青团中央和解放军总政治部联合命名为全国中小学爱国主义教育基地。老一辈无产阶级革命家周恩来、朱德和新一代党和国家领导人江泽民、李鹏、乔石、刘华清等为陵园题了词。\r\n　　上饶集中营景区已经被评为国家AAAA级风景名胜区，同时也是全国十大红色旅游基地之一。2009年6月8日上午，上饶集中营名胜区在烈士纪念馆门前举行“国家AAAA级旅游景区”挂牌仪式。至此，上饶集中营名胜区成为上饶市第8个拥有这一品牌的景区。该景区也是上饶市唯一红色旅游国家AAAA级旅游景区。上饶市委常委、宣传部长程建平，副市长廖其志出席挂牌仪式并为其揭牌。 上饶集中营名胜区党工委、管委会高度重视创建国家AAAA级旅游景区工作，以“红色摇篮，绿色家园”为主题，立足长远，按照高起点、高标准要求，加大了景区基础设施建设力度，开发特色旅游资源，提高旅游经济综合接待能力和景区档次，同时进一步规范管理，细化工作，全面整改，提高服务。他们通过近3年的努力，于2008年12月通过了国家旅游局的验收，于2009年1月正式评定为国家AAAA级旅游景区，成为全江西省红色旅游的一个新亮点。\r\n　　上饶集中营革命烈士纪念碑始建于1956年,重建于1959年,位于茅家岭雷公山中腰,座东朝西,高28.5米,呈正方形,其中碑座高7米,长宽各20米,正面刻有周恩来题写的“革命烈士们永垂不朽”九个镏金题词,东面刻有刘少奇、朱德题词;南面和北面分别刻有中共江西省委、江西省人民委员会题文,碑底座刻有烈士纪念碑碑文。整座碑系花岗石分砌而成,呈银灰色,气势雄伟,庄严壮观。\r\n　　上饶专区革命烈士纪念碑\r\n　　上饶专区革命烈士纪念碑位于信江南岸黄金山上，信江书院的东侧。山上松柏常青，幽静宜人。它由上饶专区革命烈士纪念碑、黄道墓和英雄墙组成。1952年为纪念在第二次国内革命战争、抗日战争、解放战争中英勇牺牲的赣东北英雄儿女而建，曾被省委省政府列为全省重点烈士纪念建筑物保护单位。\r\n　　第二次国内革命战争时期，方志敏、黄道等领导赣东北人民在极其艰苦的条件下创立赣东北、闽浙赣、闽浙皖赣苏维埃革命根据地，组建了红十军，领导苏区人民对国民党反动派进行了英勇的斗争。在这场斗争中，苏区人民前赴后继，坚持到全国解放，许多优秀儿女为了中国人民的解放事业献出了宝贵的生命。\r\n　　建国后，党和政府为了让人民世世代代缅怀革命先烈，1952年，在信江书院亦乐堂址修建了“上饶专区革命烈士纪念碑。”碑身和基座全部为钢筋水泥结构，高约25米，基平面49平方米。基座上刻有毛泽东、刘少奇、周恩来、朱德等党和国家领导人的题词。\r\n　　在碑的西北还建有挑檐式小亭，亭内安放黄道烈士墓。黄道（1900-1939），原名黄端章，江西横峰人。1923年加入中国共产党，是江西早期传播马克思主义的先进知识分子代表之一，也是闽浙赣省革命根据地的创始人和领导人之一。1939年5月，在铅山河口被害。黄道同志逝世后，初葬于福建崇安。1950年，忠骨移至上饶市，葬于他早年从事过农民运动的信江两岸。1955年重修了烈士墓，墓为半球形水泥拱顶，正面刻有“黄道烈士之墓”的镏金大字，显得肃穆庄严。\r\n　　1994年，原上饶市委、市政府在纪念碑西面的台阶墙上，又建英雄墙，雕刻英雄群像，它由大面积的红石雕刻而成，气势磅礴，人物表情栩栩如生。', '60.00', '8:00-21:00', '123456', '1', '1');
INSERT INTO `scenic` VALUES ('27', '三清山', '1104', '上饶市玉山县与德兴县的交界处', 'area/1104/scenic/bb9e1a70-1e4f-4101-9303-d6ffc3e31793.png', '三清山又名少华山，位于上饶市玉山县与德兴县的交界处，国家地质公园，世界自然遗产，这些头衔让越来越多的人知道她的存在。虽比不过黄山的羞，庐山的奇，但三清山独特的花岗岩峰林地貌，一年中200多个云雾天气，让三清山自古就享有“清绝尘嚣天下无双福地，高凌云汉江南第一仙峰”之殊誉。', 'area/1104/scenic/1844a7ae-d031-4129-9e34-2db247f8c624.png', 'area/1104/scenic/dc7c9bd7-8192-4e8f-8bef-516492586b51.png', 'https://v.qq.com/iframe/player.html?vid=w0513fthqoh&tiny=0&auto=0', '三清山又名少华山，位于上饶市玉山县与德兴县的交界处，国家地质公园，世界自然遗产，这些头衔让越来越多的人知道她的存在。虽比不过黄山的羞，庐山的奇，但三清山独特的花岗岩峰林地貌，一年中200多个云雾天气，让三清山自古就享有“清绝尘嚣天下无双福地，高凌云汉江南第一仙峰”之殊誉。\r\n\r\n　　 三清山有着许多造型奇特，形神兼备的奇石，巨蟒出山、司春女神、猴王献宝、玉女开怀、老道拜月，都是三清山标志性的奇景。\r\n\r\n　　 栈道是三清山另一特色。阳光海岸位于三清山的东部，与三清山西海岸、三清宫两大景区形成一条海拔1600米的高空环型旅游线路，是观赏三清山东部瑰丽风光的最佳之处。其中叫绝的有以下几大奇观：日出、壮阔云海、百里松林、惊险刺激的索桥透明玻璃观景台、幽深峡谷、不同角度的东方女神和巨蟒出山等等。\r\n\r\n　　 西海岸位于三清山的西部，是三清山最为开阔的景区，平均海拔1600米。西海岸有四大奇观：高空栈道、云海、大峡谷、古树名木群。漫步在海拔1660多米的高空栈道上，一边是悬崖绝壁，一边是幽深的峡谷，远处是连绵群山，这种体验不容错过；西海岸的云海尤其壮观。除了普通的云海，还有轰鸣的“响云”、汹涌的“瀑布云”等；当你站在栈道上俯瞰大峡谷，也是一种难得的体验。\r\n\r\n　　 三清宫是三清山人文景观集中的景区，只有游览三清宫，才能发现道教文化在塑造三清山的品性中所起到的重要作用。三清宫景区古建筑群的“先天八卦”布局方式非常值得细细玩味，它是整个布局的核心，其它建筑围绕这个核心往八方辐射，各占一卦的位置。三清宫景区的景点造型设计非常特别。这里的建筑规模都不大，但在造型上却有很高的造诣。风雷塔的设计、龙虎殿的选址等，都体现了道家“道法自然”的运用和对“天人合一”的追求。人文、自然景观浑然交融，不分彼此。\r\n\r\n　　 西华台景区位于三清山北麓，是宋明以来的登山石级古道，范围从汾水村至风门。西华台景区以田园风光和幽静古道为胜。步云古道早在唐代就是信州太守王鉴退隐之处，这里水转山环、梯田如画，岭上人家是畲族村寨，至今保持着非常淳朴的民风。\r\n\r\n　　 玉京峰景区是三清山最高而又最中心的景区，海拔1816.9米。所谓“地到无边天作界，山登绝顶我为峰”，观山不至顶，总有些缺憾。只有站在玉京峰顶，俯瞰脚下千山万壑时，三清山的壮阔才会完整展现。除了顶峰的壮丽之外，玉京峰景区内的云海、雾涛、日出、日落，同样气势磅礴、绚丽多姿，玉京峰正是观日出、日落的绝佳位置。\r\n\r\n　　 三洞口景区位于三清山西部，最可观之处在于幽谷与瀑布。这里有三清山最大最深的沟壑飞仙谷，最深处垂直切割为1000米，是百川汇集之穴，形如迷宫八卦阵，地形复杂奇险，沟壑纵横交错，断层极多，人不能通行。这里也有三清山景区内最为奇特的瀑布“八祭龙潭”，龙潭瀑布高约30多米，远远望去犹如一条白龙闪耀。瀑布水帘中隐约可见一龙头，探首峭壁外，龙头、龙目、龙嘴惟妙惟肖。\r\n\r\n　　 玉灵观为三清东麓登山游人必经之路，休憩之所。观中有清泉一股，由石隙用竹管引入水池，供人引用，长年不竭。此处松篁茂密，景物清幽，于路转峰回处，有小石桥跨涧而过，古木参天，绿荫覆盖。林中鸟声唱和，令人尘烦尽洗。观南谷中，石峰石笋，拔地而起，高的有六七十米，低的二三十米，参差高下，蔚然成“林”，为三清山奇特的“石林景观”。人游其间，纵横交错，宽者如通衢，窄者如小巷，高如摩天大厦，细小者如碧玉琅矸，使人如同进入神话世界。\r\n\r\n　　 简单地游玩都需半天时间，若要细细观奇山，看云海，看日路，至少需要一至两天的时间。婺源与三清山相隔不远，如果到了婺源，去一趟三清山，是不虚此行的。', '150.00', '8:00-21:00', '234234', '0', '1');
INSERT INTO `scenic` VALUES ('28', '秋收起义纪念馆', '1105', '铜鼓县城定江东路', 'area/1105/scenic/1d8825e0-2629-4b05-90b7-32966e8ed518.png', '省级文物保护单位。“全国爱国主义教育示范基地”、“全省十大红色景点”之一。位于铜鼓县城定江东路。红色旅游景点。秋收起义纪念馆建于1976年，占地4300平方米。1987年，曾参加过秋收起义的原中顾委副主任-同志为该馆题写了馆名.今年是秋收起义80周年，我县投入了300多万元对该馆进行了重新修缮.', 'area/1105/scenic/a66a7ecc-b9bc-4ab8-ba9a-f80b1bb84eee.png', 'area/1105/scenic/de3f329a-8bd3-4f83-abd7-398ce387dfb3.png', 'https://v.qq.com/iframe/player.html?vid=d0518iz26ar&tiny=0&auto=0', '秋收起义铜鼓纪念馆为国家AAAA级旅游景区、红色旅游经典景区、爱国主义教育基地。\r\n　　省级文物保护单位。“全国爱国主义教育示范基地”、“全省十大红色景点”之一。位于铜鼓县城定江东路。红色旅游景点。秋收起义纪念馆建于1976年，占地4300平方米。1987年，曾参加过秋收起义的原中顾委副主任-同志为该馆题写了馆名.今年是秋收起义80周年，我县投入了300多万元对该馆进行了重新修缮.\r\n\r\n　　秋收起义铜鼓纪念馆是为了纪念毛泽东同志亲自领导的湘赣边界秋收起义的专题陈列馆。现拥有馆藏文物15329件，馆内陈列共分为五个部分：第一部分军旗猎猎；第二部分沙洲阅兵；第三部分排埠思索；第四部分引兵井冈；第五部分星火燎原。陈列展出了部分珍贵文物，并采用了现代先进的声、光、电等场景再现和写实雕塑，生动再现了毛泽东同志当年在铜鼓率领秋收起义部队开展革命活动的恢弘历史。', '20.00', '8:30--17:00', '123243', '1', '1');
INSERT INTO `scenic` VALUES ('29', '袁州会议旧址', '1105', '宜春中心城东风大街22号(现东风药店 )', 'area/1105/scenic/a028dfee-678b-4609-8f74-a4fb93c14577.png', '袁州会议旧址 位于宜春中心城东风大街22号(现东风药店 ).占地600平方米.原系张天成国药店.后栋正厅为会议旧址.1930年6月，红一军团成立于福建汀州，朱德任军团长，毛泽东任政委。', 'area/1105/scenic/aceaeb8b-f718-4f61-baa0-27e92abb2286.png', 'area/1105/scenic/8973ad85-b831-485a-9678-cfb71693fc84.png', 'https://v.qq.com/iframe/player.html?vid=n0336ksivd1&tiny=0&auto=0', '袁州会议旧址为红色旅游经典景区。\r\n　　袁州会议旧址 位于宜春中心城东风大街22号(现东风药店 ).占地600平方米.原系张天成国药店.后栋正厅为会议旧址.1930年6月，红一军团成立于福建汀州，朱德任军团长，毛泽东任政委。党中央特派员涂振农（奉新渣村人）传达中央指示，命令红军攻打大城市，“会师武汉，饮马长江”。红一军团服从中央决定，作出了向南昌推进的行动部署。攻打南昌，于势不利。8月2日，红一军团总部进驻奉新县城，5日，红十二军一部占领靖安县城。在奉新得知彭德怀率红三军团攻克长沙消息。7日，红四军先头部队进驻上高城。9日，红十二军先头部队进占宜丰城。12日起，全军团向万载集中。18日，朱德、毛泽东到达黄茅。20日凌晨，攻打浏阳文家市，歼灭国民党军戴斗垣旅5000余人，缴枪4000余支。8月24日在浏阳永和与从长沙撤出的红三军团胜利会师，决定一、三军团合编为红一方面军。\r\n\r\n　　8月25日，红一方面军开始向长沙推进。29日进抵长沙近郊，鉴于长沙守敌有31个团约10万余人，工事坚固，而红军只有13个团，决定诱敌外出而歼之，然敌主力始终坚守不出。9月12日，红一方面军始决议向萍乡、醴陵撤退待机。9月13日，在株洲发出《攻取吉安的，命令》。28日，红一方面军进驻宜春县城。\r\n\r\n　　9月29日，在宜春城内张天成药铺（今东风大街天成药号）后栋正厅召开红一方面军总前委会议，史称“袁州会议”。参加会议的有毛泽东、朱德、朱云卿、杨岳彬、黄公略、蔡会文、林彪、罗荣桓、彭德怀、滕代远、邓萍、张纯清、吴灌之、袁国平等，会议记录李井泉。会议决定先打吉安，在湘赣边反复作战，歼灭敌军。同日下午发布了向吉安进军的命令。', '20.00', '8:00-21:00', '234234', '1', '1');
INSERT INTO `scenic` VALUES ('30', '湘鄂赣省委旧址', '1105', '仙源月山下王家屋', 'area/1105/scenic/2082fcf4-99ca-43ef-963d-482cf27df6a2.png', '湘鄂赣省委932年4月由修水上衫迁驻万载小源。至今旧址中厅正墙上，依然保留有“办公厅”三个大字。省委机关迁驻小源后，积极发展党的组织，壮大武装力量，统一全省财政，奖励生产，发展文化教育，颁布一系列方针政策，有力地巩固了苏区政权。1932年9月，全省第二次党员代表大会在小源水口召开，会议传达了中央指示精神，确定了全省党的总任务，通过了《大会宣言》、《政治决议案》等11个文件，选举了由林瑞笙任书记的第二届省委执委。', 'area/1105/scenic/95bb1a17-f947-4b78-8b73-f4047ee017f7.png', 'area/1105/scenic/15deba67-3ff1-4e6d-a573-374a587c29a3.png', 'https://v.qq.com/iframe/player.html?vid=u053404nu2g&tiny=0&auto=0', '位于仙源月山下王家屋。旧址坐西朝东，依山而建，土木结构，民居建筑，房屋呈“凹”字形布局，共有5厅10房，总面积877平方米。\r\n  湘鄂赣省委932年4月由修水上衫迁驻万载小源。至今旧址中厅正墙上，依然保留有“办公厅”三个大字。省委机关迁驻小源后，积极发展党的组织，壮大武装力量，统一全省财政，奖励生产，发展文化教育，颁布一系列方针政策，有力地巩固了苏区政权。1932年9月，全省第二次党员代表大会在小源水口召开，会议传达了中央指示精神，确定了全省党的总任务，通过了《大会宣言》、《政治决议案》等11个文件，选举了由林瑞笙任书记的第二届省委执委。\r\n　　此后，在省委的领导下，苏区各项事业迅猛发展，湘鄂赣革0据地不断壮大。至1932年下半年，湘鄂赣省委管辖湘鄂赣边境地区近30个县委、中心县委，党员达5万多人，主力红军至1933春发展到25000多人。小源一度成为湘鄂赣苏区政治、经济、军事和文化中心。\r\n\r\n　　省委驻小源期间，由于受“左”倾路线的干扰，在肃反工作中犯了简单化、扩大化的错误。1933年7月，苏区中央局就湘鄂赣省委和省委苏维埃政府的工作进行了专门讨论，为加强湘鄂赣苏区的工作，组织工作团于12月到达小源。1934年1月，在小源召开了省委扩大会议，会议传达了苏区中央局对湘鄂赣省工作的指示，改组了省委，成立了以陈寿昌为书记的省执委。此时，-部署重兵围攻小源，1月下旬，省委决定省委机关撤出小源，向铜鼓、幽居一带转移。', '23.00', '8:00-21:00', '2343243', '1', '1');
INSERT INTO `scenic` VALUES ('31', '宜春明月山', '1105', '宜春市城西南', 'area/1105/scenic/b80891de-34ee-4027-b03a-7f2a75db26c1.png', '人的自然风光让人陶醉:明月群山，巍峨壮观，千姿百态，有的以绮丽著称;有的以雄秀见长;有的以险峰争奇;有的以幽静取胜。明月山景色，贵在天然。茫茫云海，山野天池，猕猴出没，有\"绝壁惊人，怪石争奇，苍松斗妍，山花织锦\"四绝，以峰、瀑、洞、石闻名。境内层峦叠嶂，怪石林立;山花吐艳，苍松傲然。处处飞禽走兽，花香鸟语;满目石径苍苔，流泉飞瀑，身临其境，如入仙境，有\"酷似黄山\"美称。这里春天一片翠绿，夏天浓荫遮天，秋季满谷金黄，严冬则处处玉树银花。', 'area/1105/scenic/1b8859c0-1309-4799-a026-2f0a847a0c9b.png', 'area/1105/scenic/82b509ea-ac4f-4190-8e7c-9ff093820f7d.png', 'https://v.qq.com/iframe/player.html?vid=n0336ksivd1&tiny=0&auto=0', '人的自然风光让人陶醉:明月群山，巍峨壮观，千姿百态，有的以绮丽著称;有的以雄秀见长;有的以险峰争奇;有的以幽静取胜。明月山景色，贵在天然。茫茫云海，山野天池，猕猴出没，有\"绝壁惊人，怪石争奇，苍松斗妍，山花织锦\"四绝，以峰、瀑、洞、石闻名。境内层峦叠嶂，怪石林立;山花吐艳，苍松傲然。处处飞禽走兽，花香鸟语;满目石径苍苔，流泉飞瀑，身临其境，如入仙境，有\"酷似黄山\"美称。这里春天一片翠绿，夏天浓荫遮天，秋季满谷金黄，严冬则处处玉树银花。\r\n  山上不仅有岩参、石耳等药材，麂、獐、蛇、野猪、猴、野鸡、兔子、狐狸、娃娃鱼等动物，而且还有以\"明月山\"命名的明月山全缘叶红山茶、杜鹃、木莲等花木，松、竹、柏、樟、杉、银杏、银鹊、青线柳等树木。其中:起源于2亿3千万年前的南方红豆杉富含紫杉醇，为治疗癌症的上佳物质，是国内珍稀植物;中华落叶木莲则是世界珍稀植物，现仅存两棵，为明月山特有。', '234.00', '8:00-21:00', '2423434', '0', '1');
INSERT INTO `scenic` VALUES ('32', '井冈山', '1106', '地处湘赣两省交界的罗霄山脉中段', 'area/1106/scenic/f569e4e4-91e6-4a27-addd-50bcdc7fd10f.png', '井冈山，革命历史辉煌，自然风光绚烂，红绿辉映，融为一体，是全国著名的革命圣地和5A级旅游景区。井冈山，以其辉煌灿烂的革命历史，铸就了蜚声中的“红色摇篮”。', 'area/1106/scenic/d2b432cc-f29d-4939-9797-06d585ba4885.png', 'area/1106/scenic/a557ba2e-e45f-4165-a6d7-71d8de2b3316.png', 'https://v.qq.com/iframe/player.html?vid=s00256l0a9b&tiny=0&auto=0', '井冈山，革命历史辉煌，自然风光绚烂，红绿辉映，融为一体，是全国著名的革命圣地和5A级旅游景区。井冈山，以其辉煌灿烂的革命历史，铸就了蜚声中的“红色摇篮”。上世纪二十年代末，毛泽东、-等老一辈无产阶级革命家率领中国工农红军来到这里开展了艰苦卓绝的井冈山斗争，创建了中国第一个农村革0据地，点燃了中国革命的星星之火，开辟了“农村包围城市，武装夺取政权”具有中国特色的革命道路，中国革命从这里走向胜利；孕育了伟大的井冈山精神，激励无数英雄儿女前赴后继。从此，鲜为人知的井冈山被载入中国革命历史的光辉史册，被誉为“中国革命的摇篮”和“中华人民共和国的奠基石”。井冈山，以其绚丽多姿的自然风光，被世人赞叹为“绿色宝库”。大自然的鬼斧神工，使井冈山享有“天然动植物园”的美誉。这里千峰竞秀，万壑争流，苍茫-，飞瀑流泉，融雄、险、幽、奇、秀为一体。春天，群山叠翠，郁郁葱葱，杜鹃花开，艳丽多姿，尽显秀美景色；夏天，山高气温低，林茂而风起，故盛夏虽热而无酷暑；秋天，满目黄杉红枫，漫山遍野，层林尽染，宛如一幅色彩斑斓的图画；冬天，银装素裹，冰晶似玉，一派北国风光。井冈山森林覆盖率达到86%以上，这里环境优美，空气清新，每立方厘米空气中含负氧离子数超过80000个，人称“天然氧吧”，是理想的旅游避暑休闲疗养胜地。井冈山，以其深邃的红色文化底蕴，成为人们心中的“精神家园”。巍巍五百里井冈，100多处革命旧址遗迹散落其间，已经成为一个没有围墙的革命历史博物馆，成为人们陶冶情操、净化心灵、提升境界、坚定信念的生动课堂，成为进行爱国主义教育和革命传统教育的重要基地。\r\n\r\n　　近年来，井冈山先后获得了国家5A级旅游景区、全国文明风景旅游区、国家卫生城、全国园林绿化先进城市、全国造林绿化百佳县（市）、全国社会治安综合治理先进单位、全国征兵工作先进单位、全国体育先进市、全国创建文明城市工作先进城市、全国双拥模范城等20余项国家级荣誉称号，入选“2012年度中国特色魅力城市200强”。2014年，全市完成地区生产总值54.7亿元，同比增长11%；全社会固定资产投资54.41亿元，同比增长17.3%；社会消费品零售总额18.8亿元，同比增长13.5%；财政总收入6.95亿元，同比增长6.6%,其中公共财政预算收入5.8亿元，同比增长10.4%；城镇居民人均可支配收入24981元，同比增长13.4%；农村居民人均可支配收入5819元，同比增长16.4%；全年金融机构各类存款余额71.71亿元、贷款余额44.09亿元，存贷比达61.49%；个体工商户同比增长19.75%，达5834户。成功引进3个亿元以上项目，实现规模以上工业总产值31.4亿元，增加值8.7亿元。成功创建首批“国家生态旅游示范区”，荣获“中国十大最具投资潜力旅游目的地”,启动了智慧旅游和井冈山生态旅游物联网项目建设，全年来山游客突破1000万人次大关，旅游收入近90亿元。', '45.00', '8:00-21:00', '2324324', '1', '1');
INSERT INTO `scenic` VALUES ('33', '渼陂毛泽东旧居', '1106', '文陂乡美陂村', 'area/1106/scenic/188defc1-44b3-4d78-89d9-45328fd42e67.png', '渼陂毛泽东旧居 位于文陂乡美陂村。1930年2月举行的“二七”会议期间，毛泽东居住和办公的地方。1985年列为县级文物保护单位。\r\n\r\n交通路线：渼陂位于吉安东南22公里处，属于吉安市青原区文陂乡，从吉安青原汽车站乘专线车前往约20分钟车程。吉安市分为青原区和吉州区。两区被赣江相隔，2号和10号公共汽车在两区之间行走。青原区：吉安火车站，青原汽车站。吉州区：城南汽车站，城北汽车站，长途汽车站。', 'area/1106/scenic/f9d3d79c-8ae1-44ad-a94f-2f378ba29501.png', 'area/1106/scenic/e3d8caad-9b98-434e-b84c-6eebac358d7b.png', 'https://v.qq.com/iframe/player.html?vid=t0552mgg8kq&tiny=0&auto=0', '渼陂毛泽东旧居 位于文陂乡美陂村。1930年2月举行的“二七”会议期间，毛泽东居住和办公的地方。1985年列为县级文物保护单位。\r\n\r\n交通路线：渼陂位于吉安东南22公里处，属于吉安市青原区文陂乡，从吉安青原汽车站乘专线车前往约20分钟车程。吉安市分为青原区和吉州区。两区被赣江相隔，2号和10号公共汽车在两区之间行走。青原区：吉安火车站，青原汽车站。吉州区：城南汽车站，城北汽车站，长途汽车站。', '0.00', '8:30--17:00', '123243', '1', '1');
INSERT INTO `scenic` VALUES ('34', '黄洋界', '1106', '井冈山市西北面', 'area/1106/scenic/893b648c-775f-4e4e-9306-6dedf348ef80.png', '黄洋界位于井冈山市西北面，海拔1343米，是当年井冈山通往宁冈、湖南的要隘，也是井冈山斗争时期红军修建的五大哨口之一；汽车沿环山公路盘旋而上，公路四周重峦叠幛，绿树成阴，漫山遍野的杜鹃花在绿岭青翠之中泛着闪闪红光……', 'area/1106/scenic/0036c252-feea-4031-a2e7-852e31ca0ca3.png', 'area/1106/scenic/98b552ff-17fc-4c64-80c3-1c606c838035.png', 'https://v.qq.com/iframe/player.html?vid=d0518iz26ar&tiny=0&auto=0', '黄洋界位于井冈山市西北面，海拔1343米，是当年井冈山通往宁冈、湖南的要隘，也是井冈山斗争时期红军修建的五大哨口之一；汽车沿环山公路盘旋而上，公路四周重峦叠幛，绿树成阴，漫山遍野的杜鹃花在绿岭青翠之中泛着闪闪红光……\r\n\r\n　　在黄洋界上屹立着一前一后、一横—竖两块纪念碑。横碑一面镌刻毛泽东手书的《西江月·井冈山》，另一面镌刻朱德题写的“黄洋界”三个苍劲有力的大字；竖碑一面镌刻毛泽东题词“星星之火，可以燎原”，另一面镌刻朱德题词“黄洋界保卫战胜利纪念碑”；环绕这两块纪念碑的是船形四围栏杆，远望之，黄洋界纪念碑如一艘航船正航行在万顷绿涛的林海之上。它承载着往昔峥嵘岁月的沧桑，仿佛向人们诉说着一个又一个革命故事。 \r\n \r\n　　纪念碑下是一栋黄泥筑墙杉皮作顶的一厅九间旧民居，原是古商道上的一家客栈，井冈山斗争时则成为五大哨口之一——黄洋界哨口的营房，著名的黄洋界保卫战就发生在这里。“黄洋界上炮声隆，报道敌军宵遁。”站在昔日地势险要、防守森严的黄洋界哨口，再也看不见战旗飘动，听不见震天的呐喊声，但身旁的炮台和身后横竖两块纪念碑，仿佛在默默地讲述着77年前军民齐心协力，以不足一个营击溃敌军四个团的历史佳话。不远处，那棵毛泽东、朱德挑粮上山时曾歇息过的槲树，如今枝繁叶茂，仿佛能依稀听见毛泽东那浓浓的湖南乡音，能看见朱德那根有名的青竹扁担。\r\n\r\n　　黄洋界地势雄伟险峻，山势嵯峨，峰峦峻拔，难怪毛主席曾经诗兴如潮，发出“过了黄洋界，险处不须看”的感慨。站在黄洋界上举目远眺，只见群山起伏，云雾弥漫，白茫茫的云海淹没了一片山峦，只留下最高的峰尖，像大海中点点岛屿，时隐时现，因此人们也把它叫做“汪洋界”、“望洋界”。那飘动的云海，如惊涛掠岸，又如素绢成堆、烟波缥缈……此刻，用“静如练、动如烟、轻如纱、白如棉”去形容才能觉得恰如其分。', '34.00', '8:00-21:00', '2324324', '1', '1');
INSERT INTO `scenic` VALUES ('35', '杜鹃山', '1106', '江西井冈山', 'area/1106/scenic/8e4b7803-606a-4c3a-a503-323d2c4c8c84.png', '杜鹃山景区位于全国著名的5A风景名胜区井冈山的南大门，入口服务区--红色桃花源距茨坪中心景区12公里。景区内纯天然的自然景区为主，以\"十里杜鹃长廊\"、\"七大峰\"、\"五大奇观\"而享誉。辅以特有的文、历史景观，形成了杜鹃山内独具风的\"红\"、\"绿\"交相辉映的旅游佳境格局，令人仰慕和神往。', 'area/1106/scenic/96eb2585-999a-41c2-9d05-7eb62805d050.png', 'area/1106/scenic/084204e8-9544-4bbc-b7a3-e1d65885eeeb.png', 'https://v.qq.com/iframe/player.html?vid=l0550k66d6s&tiny=0&auto=0', '杜鹃山景区位于全国著名的5A风景名胜区井冈山的南大门，入口服务区--红色桃花源距茨坪中心景区12公里。景区内纯天然的自然景区为主，以\"十里杜鹃长廊\"、\"七大峰\"、\"五大奇观\"而享誉。辅以特有的文、历史景观，形成了杜鹃山内独具风的\"红\"、\"绿\"交相辉映的旅游佳境格局，令人仰慕和神往。\r\n\r\n红色:行洲是杜鹃山景区的一个重要组成部分，这里有着丰厚的客家文化，而且在井冈山革命斗争时期，毛泽东、朱德及众多的红军战士曾在这里生活和战斗过，这里保留有当年红军写下的许多标语，初步统计，有标语66幅，1000余字，这是目前井冈山保存最完整，最集中的红色标语群了。这些标语十分清楚地反映了井冈山斗争时期根据地内施行的方针、政策，也揭露了国民党反动派的罪恶，有些也反映出当时党内、军内存在的\"左\"的错误思潮，这为研究井冈山斗争历史提供了可靠的历史佐证资料，因此，这里是井冈山开展红色教育的一块不可多得的宝地。\r\n\r\n绿色:杜鹃山，这个令人神往的地方，她作为井冈山的一张名片，已逐渐为世人知晓，她是井冈绿色明珠，也是井冈山目前唯一一个集自然山水风光、革命历史遗迹、客家民俗风情、历史人物四位一体的生态景区。杜鹃山以\"十里杜鹃长廊\"、\"七大峰\"、\"五大奇观\"享誉世界。景区森林覆盖率达98%以上，被联合国环境保护组织誉为全世界仅有的保存最完好的亚热带常绿阔叶林，是名副其实的\"天然氧吧\"植物宝库。', '56.00', '8:00-21:00', '4554444', '0', '1');
INSERT INTO `scenic` VALUES ('36', '黎川红色遗址', '1107', '湖坊乡“龚家大屋”', 'area/1107/scenic/c1da3d6a-e726-4b86-b237-b71861c83e9b.png', '位于湖坊乡“龚家大屋”。第二次国内革命战争时期，为使闽赣苏区成为巩固的革命根据地，同时打通中央苏区与闽北苏区的联系，1933年5月10日，按照周恩来的提议，经党中央批准，闽赣省革命委员会在苏区北部防线的战略要地黎川湖坊成立，正式建立以黎川为中心的中央苏区东北防线区域，下辖闽赣边区黎川、建宁、泰宁等二十一个苏区县，中央指派顾作霖任中共闽赣省委书记，邵式平任闽赣省苏维埃主席，肖劲光被任命为闽赣省军区司令员兼政委。', 'area/1107/scenic/001cc50d-1713-4175-9fb9-a34a18d6d023.png', 'area/1107/scenic/a787f451-88e3-4a34-b412-571e5a48f9c7.png', 'https://v.qq.com/iframe/player.html?vid=l0550k66d6s&tiny=0&auto=0', '1、闽赣省苏维埃政府旧址：\r\n                     \r\n    位于湖坊乡“龚家大屋”。第二次国内革命战争时期，为使闽赣苏区成为巩固的革命根据地，同时打通中央苏区与闽北苏区的联系，1933年5月10日，按照周恩来的提议，经党中央批准，闽赣省革命委员会在苏区北部防线的战略要地黎川湖坊成立，正式建立以黎川为中心的中央苏区东北防线区域，下辖闽赣边区黎川、建宁、泰宁等二十一个苏区县，中央指派顾作霖任中共闽赣省委书记，邵式平任闽赣省苏维埃主席，肖劲光被任命为闽赣省军区司令员兼政委。\r\n\r\n    毛泽东、顾作霖、邵式平等在此办公居住。中央根据地反围剿的一些重大战斗发生于这个地区。旧址系旧式砖木结构单厅重房式屋宇，有大小房室20余间。正厅一厅四房，两侧各有厢房，后有庭院围墙，建国后经当地政府多次修缮，保存完好。1985年，由江西文化厅拨款修葺一新，各房室陈设基本恢复当年原貌，并设有革命文物和图片陈列，可供参观。1982年6月，中共中央顾问委员会委员，原江西省省长，苏区时期曾任闽赣省委委员兼中共黎川县委书记的方志纯视察黎川时，曾专程到湖坊赣省旧址参观。1987年12月，经江西省人民政府确定为省级文物保护单位。\r\n\r\n2、闽赣省苏维埃政府旧址：\r\n\r\n    位于县城日峰镇南津街原邓氏家庙，全部建筑保持完好。根据斗争形势的变化，1933年7月，闽赣省领导机关从由湖坊迁至此地，同年9月，黎川城失守，闽赣省直机关又迁驻黎川德胜关。\r\n\r\n3、朱德旧居、红七军团临时总司令部旧址：\r\n   \r\n    位于县城日峰镇篁竹街潘家大屋。1932年10月，中央红军总司令部、总政治部由建宁迁入篁竹街。1932年12月30日，在潘家大屋前地势开阔的李树坪上，中国工农红军历史上最大规模的一次阅兵誓师大会在这里举行，红一、三、五军团共7万多指战员和1万多工农群众，接受了中央军委周恩来、朱德等领导的检阅。1933年7月5日，中国工农红军第七军团正式宣告成立，潘家大屋成为红七军团临时总司令部，肖劲光被任命为军团长兼政委。至今，在潘家大屋墙壁上，中国工农红军总政治部当年留下的“共产党十大政纲”等标语，仍墨迹清晰，保存完好。\r\n\r\n4、红军第一方面军总司令部旧址：\r\n\r\n    位于县城日峰镇篁竹街单家大屋。第一方面军一万多指战员，当时担负着守卫以黎川为中心的中央苏区北大门的责任，鼓舞士气和宣传发动苏区群众参与抗敌，成为了红军的重要工作和任务。\r\n                 \r\n5、德胜关闽赣省委驻地旧址：位于井水村（距县城东南21公里）。\r\n                 \r\n6、黎川洵口、资福桥、团村战斗旧址：\r\n\r\n    1933年9月下旬，蒋介石以50万兵力对中央苏区进行第五次“围剿”。红军总司令部在紧急布署作战方案之后，随即由篁竹街迁往德胜关，作战指挥部设在团村以东的华盖峰，主力部队则驻守在团村地区各个前沿山头，设下作战伏击圈，迎击敌人。\r\n\r\n    洵口战斗旧址名声显赫，位于县城东北20里闽赣两省往来要道的洵口，历来是兵家占据要地。1933年10月6日，彭德怀与藤代远率部在此与国民党吴奇伟师遭遇激战，红军取得洵口战斗胜利。', '34.00', '8:30--17:00', '345567', '1', '1');
INSERT INTO `scenic` VALUES ('37', '广昌红色遗址', '1107', '武夷山麓', 'area/1107/scenic/56d75c32-1130-4e5d-967d-de415b80cf23.png', '广昌因其地处武夷山麓，历史上是个反动统治薄弱，进步势力较强的地区。“五四”运动的进步思想和“八一”起义的革命枪声以及井冈山革命斗争的烽火，都对广昌人民产生了较大影响。', 'area/1107/scenic/43c12f2a-5626-4bad-84d4-5dae58c92c2a.png', 'area/1107/scenic/e446af03-a045-4a49-af62-367194888c93.png', 'https://v.qq.com/iframe/player.html?vid=l0550k66d6s&tiny=0&auto=0', '广昌因其地处武夷山麓，历史上是个反动统治薄弱，进步势力较强的地区。“五四”运动的进步思想和“八一”起义的革命枪声以及井冈山革命斗争的烽火，都对广昌人民产生了较大影响。尤其是第二次国内革命战争时期，广昌是个全红区，是中央革命根据地的一个重要组成部分，因地处苏区前哨，素有苏区“北大门”之称。毛泽东、周恩来、朱德、彭德怀等老一辈无产阶级革命家都曾在这里从事过伟大的革命实践，斗争历史较长，革命影响较大。广昌人民在党的领导下，为创立、发展、保卫革命根据地，为保护和巩固红色政权进行了艰苦卓绝的斗争，作出了杰出的贡献。据统计，在苏区时期，广昌参加红军人数达1.5万多人，占当时广昌人口的五分之一强；牺牲人数达6100多人，占当时人口的近十分之一，其中有名有姓的革命烈士就有3300多人，为中国革命的胜利作出了巨大贡献。\r\n\r\n    在长期的革命斗争中，在广昌发生过许多有重大历史影响的事件。如第二次反“围剿”广昌战役，是二次反“围剿”的第四仗。第五次反“围剿”期间，广昌是主战场，发生大小战斗数10次，其中著名的有广昌大会战，大寨脑、高虎脑和万年亭、腊烛形战斗及驿前战斗，这些战役是红军第五次反“围剿”战略转移前的主要战役，极大地阻滞了敌人进占瑞金的进程，为中央红军和中华苏维埃政府的战略大转移，胜利踏上长征路，争得了十分宝贵的时间。没有广昌大会战及广昌境内的一系列阻击战，就没有红军的胜利长征。此外，召开的重要会议主要有中国革命军事委员会议、红一方面军总前委会议等。这些重大历史事件和老一辈无产阶级革命家的伟大斗争实践，为广昌发展红色旅游提供了良好的发展条件。\r\n\r\n    1930年1月，毛泽东率领红四军2纵队从宁化县安远出发，五月到达广昌塘坊。途经白水、县城、头陂。取道宁都、永丰、吉水直下吉安。一路上，大雪纷飞，滴水成冰。毛泽东在转战广昌直下吉安的途中扬鞭策马，触景生情，在马背上吟成了气壮山河的光辉词章《减字木兰花·广昌路上》：“漫天皆白，雪里行军情更迫。头上高山，风卷红旗过大关。此行何去？赣江风雪弥漫处。命令昨颁，十万工农下吉安。”\r\n\r\n1、红一方面军总前委会暨毛泽东旧居：\r\n\r\n    坐落于县城东北4公里处的旴江镇清水村沙子岭邱家祠堂。1931年5月27日第二次反“围剿”广昌战斗结束后，毛泽东和红一方面军总部到此宿营。红一方面军总前敌委员会在此召开了第二次反“围剿”期间的第三次会议。这是一幢平房，占地160平方米，屋宇坐西朝东，为二进的砖木结构，原已破旧不堪，1970年经修葺整理并陈列革命文物，正式开放。1976年又在旧居旁建起了陈列室和接待室。1983年被列为县级革命文物保护单位。2000年7月，被列为省级革命文物保护单位。每年接待参观人数1万多人次。\r\n\r\n2、毛泽东甘竹调查会议旧址：\r\n\r\n    甘竹调查情切切，宁都会议去匆匆。1932年8月，毛泽东接到去宁都参加中央会议的通知，从南丰鸡公山赶回后方。8月29日，毛泽东到达甘竹，住在答田村的张家脑刘家祠堂。次日上午，他召集农民代表召开调查会，并听取了中共南广县委和县苏维埃政府负责人的工作汇报，作了一系列指示。为参加中共苏区中央局扩大会议（即“宁都会议”）作了充分准备，后毛泽东因受到王明“左”倾路线的错误批评和指责，被撤销红军总政委职务。“左”倾错误从此进一步扩大蔓延。\r\n\r\n3、红一方面军总前委会议、红一方面军广昌战斗指挥部旧址：\r\n\r\n    位于广昌县旴江镇西南3公里的乌石岗。东、北二面俯瞰县城和旴江，东、西二面是悬崖，高233.4米。“乌石春云”为古时广昌十景之一。第二次反“围剿”和第五次反“围剿”两场战斗在此指挥打响。1931年5月27日，红一方面军在此召开总前委会议，部署攻打广昌的战斗。经过激战，红军收复广昌县城。1934年4月中下旬，第五次反“围剿”广昌大会战期间，红一方面军阵地指挥部在此指挥，进行了一场阵地阻击战，阻击国民党军南进。由于李德、博古仍坚持错误的军事指挥战术，结果红军损失惨重，广昌城失守。\r\n\r\n4、中央军委野战司令部旧址：\r\n\r\n    中央军委野战司令部是红军第五次反“围剿”北面前线最高指挥机关。1934年4月，敌集中大量兵力进攻广昌，中央红军1、3、5、9军团担任保卫广昌的任务，在广昌头陂镇龙港株溪埠村小组一地主家四合院设立了前方司令部（后迁至旴江镇乌石岗、三官殿地带），李德、博古、朱德、顾作霖、伍修权等在司令部指挥。由于李德、博古坚持“短促突击”和阵地对阵地、堡垒对堡垒 的战略战术，没有采纳杨尚昆、彭德怀关于放弃固守广昌的建议，红军虽经18天激战，结果广昌大会战以红军失利告终，广昌城失守。4月27日，杨尚昆、彭德怀率红三军团转移到距广昌县城20余公里处的头陂休整，次日晚，参加了在头陂镇下关冯家祠堂召开的各军团主要领导人会议。指挥机关则撤回瑞金。\r\n\r\n5、下关“中革军委”会议旧址： \r\n\r\n    抚州市第二批市级文物保护单位。位于广昌县头陂镇下关冯家祠，为清代建筑。1934年4月28日，广昌弃守的当晚，中国革命军事委员会在此召开会议，总结广昌大会战失利的教训，讨论下一步行动。这是第五次反“围剿 ”期间召开的一次重要军事会议，中央红军各军团以上干部参加了会议，主要与会人员有：博古、李德、朱德、顾作霖和各军团领导杨尚昆、林彪、聂荣臻、左权、罗炳辉、董振堂、蔡树藩、李卓然、伍修权等。会议决定：红一军团、红九军团即刻东进，参加建宁保卫战，红三军团部署新安及其附近，阻击国民党军南进。\r\n\r\n5、高虎脑战役红军指挥部旧址：\r\n\r\n    位于广昌县南部25公里至45公里之间，是中央苏区第五次反“围剿”主战场之一。范围包括赤水镇以南驿前镇以北100多平方公里。1934年7月至8月，彭德怀、杨尚昆指挥的中国工农红军与国民党军队进行了三场大规模激烈战斗，即大寨脑战斗、高虎脑战斗、万年亭战斗。因三次战斗均在高虎脑境内、合称“高虎脑战役”，共歼敌500余人，为红军主力和中央机关的战略转移赢得了时间，是红军长征前的最后一场激战，是红军在第五次反“围剿”中唯一取得全面胜利的战役。至今这一带仍保留有许多红军所挖堑壕、掩体工事遗迹及弹坑、红军标语。\r\n\r\n    大寨脑位于赤水、贯桥交汇处，向南延伸，连接高虎脑山脉，是通往驿前、石城的必经之路，地势险要。为阻止国民党军南进驿前、石城，保证红军主力和中央机关顺利进行战略转移，1934年7月中旬，红三军团34师、红一军团15师（即少共国际师）在此依托有利地形布防。7月21日拂晓，敌汤恩伯纵队主力第四师在飞机大炮的掩护下，向红军阵地发起攻击，至午后1时红军向高虎脑撤离。\r\n\r\n    高虎脑海拔406米，面积4平方公里，因山形酷似昂首蹲坐的猛虎而得名。1934年7、8月间，彭德怀、杨尚昆指挥红军第三军团，凭借高虎脑有利地形，阻击六倍于我、武器精良的国民党军队进攻，打死打伤国民党军4000多人，其中团长6人，营长10多人，连、排长400多人，为中央主力红军和临时中央机关的战略转移赢得了时间。现仍有红军所挖堑壕、掩体等工事遗迹。高虎脑村附近的曾家排，曾设红三军团指挥部，军团长彭德怀、政委杨尚昆等在此指挥战斗。\r\n\r\n    万年亭是高虎脑南大岭夹山坳公路旁的一座古凉亭。1934年8月5日至7日，彭德怀指挥红三军团在高虎脑顽强抗击国民党军6个师十数次的轮番进攻。战斗中，彭德怀的前线指挥部就设在这座古亭。当年的万年亭已在战斗中遭炮火毁坏，至今残存一石碑，碑上书“红三军团战斗司令部旧址万年亭”。\r\n\r\n6、高虎脑红军烈士纪念碑：\r\n\r\n    位于高虎脑集镇中心。1985年筹建，1988年建成，碑高12米，占地290平方米。原国家主席杨尚昆题写了碑名，碑的正面镌刻其题词：“高虎脑红军烈士纪念碑”。南面有原中国人民解放军政治学院院长刘志坚的题词：“长征前夕的激战”。北面有原中央委副主席张震的题词：“向高虎脑战斗顽强作战英勇杀敌的烈士们致敬。”碑座内原来设陈列室，展出有关高虎脑战斗的文物、图片等，现移至广昌县革命烈士纪念馆。每年接待人数4000多人。\r\n\r\n7、符竹庭烈士纪念亭：\r\n\r\n    位于头陂镇横田岗，占地面积100平方米，陈列面积36平方米，亭内树碑一块，高1.8米。\r\n\r\n8、驿前红军宿营地：\r\n\r\n    莲花古镇--驿前有明清时期古建筑五十余处，土地革命和第五次反“围剿”时期，著名的高虎脑战役、万年亭战役、古楼峰战役都是在驿前境内进行的。1934年8月高虎脑战斗结束后，红军退守驿前一带并在此宿营。当年红军住宿地主要是明、清时所建民居，主体建筑有“赖巽宗祠”、“大夫第”、“布政祖庙”等十栋。现有坑埔、马房等红军住宿生活设施，其中的“大夫第”是当年红一军团指挥部旧址。许多建筑上仍留存有红军当年题写的标语，如：“打倒卖国贼蒋介石、活捉何应钦”、“白军兄弟，不要自己人打自己人，北上抗日去，死了也值得”、“拥护中国共产党，打倒卖国的国民党”、“打倒一切的反革命的分子”等等，为研究中国革命史提供了宝贵的实物资料。\r\n\r\n    如今民居所在地驿前镇被列为江西省首批省级历史文化名镇。1999年4月，原中央军委副主席张震将军重返广昌，回忆当年苏区反“围剿”的战斗岁月，希望弘扬苏区革命精神，把莲乡广昌建设得更加美好。\r\n\r\n9、苦竹乡包家祠：\r\n\r\n    红一方面军总前委二次会议旧址。1931年5月26日，毛泽东、朱德同志率领红一方面军从宁都严坊来到苦竹。当晚，在包家祠（现苦竹小学位置）召开了红一方面军总前委第二次反“围巢”期间的第二次会议。出席会议的有毛泽东、朱德、彭德怀、黄公略、林彪、蔡会文、罗荣恒、罗炳辉、郭化若等，会议决定攻打退守在广昌城的国民党军三个师，攻克广昌县城。\r\n\r\n10、白水寨吴家祠：1929年3月5日毛泽东与朱德同志住宿之地，后为中共赤水县委机关驻地。\r\n\r\n11、千善乡：红三军团指挥部旧址。\r\n\r\n12、县城三官殿：第五次反“围剿”中共中央军委野战司令部旧址。\r\n\r\n13、头陂中央军委会议、红军医院旧址。\r\n   \r\n14、县城红一方面军第二次反“围剿”第四次战斗旧址。', '23.00', '8:30--17:00', '123456', '1', '1');
INSERT INTO `scenic` VALUES ('38', '金溪红色遗址', '1101', '左坊镇后龚村“后龚祠堂”', 'area/1101/scenic/1da56e54-6385-4192-9f56-166dfb0ac404.png', '位于左坊镇后龚村“后龚祠堂”。祠堂已有400多年历史，坐南背北，四面砖墙，占地700多平方米。厅堂内一律青石板铺地，两边厢房由木板缀贴；分上下两厅，中间有一天井，房梁为穿斗式屋架，由32根硕大的圆木支撑着；下厅装有一扇木质双合大门，正对着一望无垠的田畈；两边耳门，仅容一人穿行，一门直通村中，另一门则通往山林。', 'area/1101/scenic/4a736f66-1527-4cc8-8d8c-8766a8ffb0b8.png', 'area/1101/scenic/0df1640f-cdf4-4be1-8def-817adff65b17.png', 'https://v.qq.com/iframe/player.html?vid=n0344d5we2u&tiny=0&auto=0', '位于左坊镇后龚村“后龚祠堂”。祠堂已有400多年历史，坐南背北，四面砖墙，占地700多平方米。厅堂内一律青石板铺地，两边厢房由木板缀贴；分上下两厅，中间有一天井，房梁为穿斗式屋架，由32根硕大的圆木支撑着；下厅装有一扇木质双合大门，正对着一望无垠的田畈；两边耳门，仅容一人穿行，一门直通村中，另一门则通往山林。\r\n\r\n    1933年1月4日，红军在南城县黄狮渡打了一场漂亮的歼灭战，俘敌3000余人，内有敌旅长周士达。战斗结束后，傍晚时分，红一方面军第一、三、五军团共3万多将士进入左坊一带扎营驻防。朱德总司令也越过猫儿岭，来到后龚村，并把红一方面军司令部设在后龚祠堂。政治部驻王家仓。朱德住在祠堂左边一农户家里，中间隔着一片竹林。为了防止国民党飞机空袭，第二天刚蒙蒙亮，朱德总司令便带着十几名战士，在祠堂边的竹林里挖了一个大地洞，有两个洞口进出，洞内可以放两张八仙桌，能坐十多个人，这里也成了红军干部开会的地方……在后龚，朱德参加了动员俘虏参加红军的大会和斗争当地两个鸦片烟鬼（因该两人焚烧民房，嫁娲红军，挑拨红军与群众关系）的大会，并讲了话。 当时村里流行一首歌谣：“三二年冬（公历1933年1月）雪飘零，红军越过猫咪岭（也就是猫儿岭）；跨过小港穿茂林，浩浩荡荡进县城。家家户户早早起，村村寨寨传佳音；三三两两结成伴，高高兴兴迎红军。锣鼓响，鞭炮鸣，男女老少笑盈盈；金溪城头飘红旗，风吹云散天放晴！”至今村中老人还能哼唱。祠堂中仍留存有当年红军书写的“杂什室”、“炊事房”、“储藏室”、“养病室”等标牌和“粉碎敌人大举进攻”、“打倒帝国主义走狗国民党”、“欢迎白军兄弟来当红军”等宣传标语。\r\n\r\n2、金溪战役旧址：\r\n\r\n    包括黄狮渡（原属金溪）战斗、崇岭阻击战、大仙岭围歼战和长源庙阻击战旧址。同时还留下了不少动听的革命歌曲和动人故事。如《苏区组歌》、《革命歌》、《慰劳红军歌》、《妇女翻了身》等脍炙人口的革命歌曲和《朱德在后龚》、《周恩来战地鼓动》、《周建屏打自己“土豪”》等革命故事，当年不论在扩红支前、反“围剿”战役还是在坚持地下革命斗争中都起了很大作用。\r\n\r\n    1932年6月，蒋介石调兵遣将，对各革命根据地发动了第四次“围剿”，中国工农红军第一方面军（又称中央红军）在红军总政委周恩来，红军总司令兼第一方面军总指挥朱德、红军总政治部主任王稼祥等人率领下，抓住国民革命军大举进攻之前的时机，一方面在根据地内消灭白点（指国民革命军占据的地点），巩固根据地；一方面集中红军主力1、3、5军团，到外围作战，向东北出击，扩大中央革命根据地，打通中央苏区与赣东北革命根据地的联系，争取第四次反“围剿”的胜利。\r\n\r\n    金溪战役从1933年1月4日开始至8日结束，包括黄狮渡（原属金溪）战斗、崇岭阻击战、大仙岭围歼战和长源庙阻击战。1933年元旦，中央红军1、3、5军团共计3万余人，从黎川、资溪等地出发进入金溪县境。随同朱德、周恩来、王稼祥到金溪的还有1军团军团长林彪、政委聂荣臻，3军团军团长彭德怀，5军团政委萧劲光等。1月4日，红军在黄狮渡与敌人展开激战，至5日下午六时，击毙敌军1000多人，俘虏敌军官兵3000多人，并占领了金溪县城。1月8日凌晨4时，红军又与敌人在金溪崇岭短兵相接，红军伤亡较大。在关键时刻，军团首长亲临前沿阵地，上午11时，红军拿下了崇岭主峰。\r\n\r\n    1月8日下午1时，敌军为了挽救败局，由浒湾增兵两个团，在长岗埠、枣树一带会合溃退之部队，据守大仙岭有利地形，构筑工事准备反扑。下午3时，红军大仙岭总攻开始，至9日凌晨，金溪战役全部结束。是役，红军共歼敌2000多人，俘敌4000余人，击溃敌军3个多师，缴枪4000多支。战斗结束后，红军派出工作队广泛发动群众，开展筹集军饷和扩红工作，金溪县又有600多名青壮年参加了红军。\r\n\r\n3、黄狮渡大捷纪念碑：\r\n\r\n    位于南城县（原属金溪）沙洲镇黄狮村，建于1964年7月。“黄狮渡大捷”是红一方面军在第四次反“围剿”之金溪战役中取得的第一个大胜利。 为了纪念这一大捷，在黄狮建有纪念碑一座，上镌有毛泽东同志的名言：“枪杆子里面出政权”。\r\n\r\n4、金溪战役纪念碑：\r\n\r\n    坐落在金溪战役遗址--浒湾镇大仙岭西麓，316国道北侧。该碑于1995年3月落成，是为纪念中国工农红军第一方面军于1933年1月粉碎国民党第四次“围剿”的先声战——金溪战役而建立。碑型设计如一杆枪形状，碑高10.5米，占地约100平方米，四周青松环抱，碑名为参与并指挥此次战役的聂荣臻元帅题写。被抚州市评为第二批全市爱国主义教育基地。\r\n\r\n    为了方便更多群众瞻仰纪念碑，缅怀红军英勇战斗事迹，2007年8月，金溪县在金溪战役遗址大仙岭上新建了一座“金溪战役纪念碑”。新金溪战役纪念碑碑型设计为粉红色的两柄利剑，直插云霄，顶端为五角金星，四周青松环抱，碑名为参与并指挥此次战役的聂荣臻元帅生前所题写。碑高24.3米，总投资636690元。\r\n\r\n5、浒湾八角亭战斗旧址：\r\n\r\n    位于浒湾八角亭地区。土地革命战争时期，红军第一方面军第3、第7军团此对国民党军的进攻战斗。红军作战失利，伤亡1100余人，被迫撤出战斗。\r\n\r\n6、金溪烈士陵园\r\n\r\n    金溪新搬迁的烈士陵园位于金溪县城北郊２０６国道东侧，建成于２００３年６月。重建的革命烈士纪念塔雄伟壮丽，塔高１４米，其北面镌有“革命烈士纪念塔”七个金色大字。整个烈士陵园占地３０余亩，四周青山环抱，草木繁茂，是人民缅怀先烈，进行革命传统教育的基地。\r\n\r\n    自土地革命以来，金溪县共有革命烈士１９７名，其中第二次国内革命战争时期１２９人，抗日战争时期２人，解放战争时期２４人，抗美援朝、社会主义革命和建设中４２人，县人民政府均颁发了烈士证，对烈士家属实行优待政策。县人民政府还在１９９８年批准了以周建屏、芦春生烈士命名的街道以作永久纪念。（周建屏，红十军军长、八路军三四三旅副旅长；芦春生，金溪县中国共产党和共青团组织创始人）\r\n\r\n    为缅怀先烈，金溪县早在１９５２年就建造了烈士陵园。原来的烈士陵园坐落于金溪县城西部。面积约７５００平方米，旧的革命烈士纪念塔高１２米，北面镌有“为革命牺牲的烈士永垂不朽！”的题词，时称“土地革命烈士纪念塔”，后经江西省人民委员会批准，于１９６５年７月改建，改称“革命烈士纪念塔”，塔旁于１９９８年建有一亭，曰“仰烈亭”。由于原烈士陵园坐落于县城西部，交通不便，且面积较小，２００１年，县人民政府决定将烈士公园和革命纪念塔整体搬迁至县城北郊２０６国道东侧。新搬迁的烈士陵园投资１００余万元，于２００３年６月竣工，成为革命传统教育和爱国主义教育新基地。２００６年，金溪县烈士陵园被抚州市评为全市爱国主义教育基地。', '34.00', '8:00-21:00', '2423434', '1', '1');
INSERT INTO `scenic` VALUES ('39', '金溪红色遗址', '1107', '左坊镇后龚村“后龚祠堂”', 'area/1107/scenic/5b0f07cf-009b-46e2-8451-f64bff49d737.png', '位于左坊镇后龚村“后龚祠堂”。祠堂已有400多年历史，坐南背北，四面砖墙，占地700多平方米。厅堂内一律青石板铺地，两边厢房由木板缀贴；分上下两厅，中间有一天井，房梁为穿斗式屋架，由32根硕大的圆木支撑着；下厅装有一扇木质双合大门，正对着一望无垠的田畈；两边耳门，仅容一人穿行，一门直通村中，另一门则通往山林。', 'area/1107/scenic/51fa9074-0104-4204-b86d-6775f4f27d14.png', 'area/1107/scenic/579a1f72-cb92-4a48-8c4c-aa7673eac092.png', 'https://v.qq.com/iframe/player.html?vid=n0344d5we2u&tiny=0&auto=0', '位于左坊镇后龚村“后龚祠堂”。祠堂已有400多年历史，坐南背北，四面砖墙，占地700多平方米。厅堂内一律青石板铺地，两边厢房由木板缀贴；分上下两厅，中间有一天井，房梁为穿斗式屋架，由32根硕大的圆木支撑着；下厅装有一扇木质双合大门，正对着一望无垠的田畈；两边耳门，仅容一人穿行，一门直通村中，另一门则通往山林。\r\n\r\n    1933年1月4日，红军在南城县黄狮渡打了一场漂亮的歼灭战，俘敌3000余人，内有敌旅长周士达。战斗结束后，傍晚时分，红一方面军第一、三、五军团共3万多将士进入左坊一带扎营驻防。朱德总司令也越过猫儿岭，来到后龚村，并把红一方面军司令部设在后龚祠堂。政治部驻王家仓。朱德住在祠堂左边一农户家里，中间隔着一片竹林。为了防止国民党飞机空袭，第二天刚蒙蒙亮，朱德总司令便带着十几名战士，在祠堂边的竹林里挖了一个大地洞，有两个洞口进出，洞内可以放两张八仙桌，能坐十多个人，这里也成了红军干部开会的地方……在后龚，朱德参加了动员俘虏参加红军的大会和斗争当地两个鸦片烟鬼（因该两人焚烧民房，嫁娲红军，挑拨红军与群众关系）的大会，并讲了话。 当时村里流行一首歌谣：“三二年冬（公历1933年1月）雪飘零，红军越过猫咪岭（也就是猫儿岭）；跨过小港穿茂林，浩浩荡荡进县城。家家户户早早起，村村寨寨传佳音；三三两两结成伴，高高兴兴迎红军。锣鼓响，鞭炮鸣，男女老少笑盈盈；金溪城头飘红旗，风吹云散天放晴！”至今村中老人还能哼唱。祠堂中仍留存有当年红军书写的“杂什室”、“炊事房”、“储藏室”、“养病室”等标牌和“粉碎敌人大举进攻”、“打倒帝国主义走狗国民党”、“欢迎白军兄弟来当红军”等宣传标语。\r\n\r\n2、金溪战役旧址：\r\n\r\n    包括黄狮渡（原属金溪）战斗、崇岭阻击战、大仙岭围歼战和长源庙阻击战旧址。同时还留下了不少动听的革命歌曲和动人故事。如《苏区组歌》、《革命歌》、《慰劳红军歌》、《妇女翻了身》等脍炙人口的革命歌曲和《朱德在后龚》、《周恩来战地鼓动》、《周建屏打自己“土豪”》等革命故事，当年不论在扩红支前、反“围剿”战役还是在坚持地下革命斗争中都起了很大作用。\r\n\r\n    1932年6月，蒋介石调兵遣将，对各革命根据地发动了第四次“围剿”，中国工农红军第一方面军（又称中央红军）在红军总政委周恩来，红军总司令兼第一方面军总指挥朱德、红军总政治部主任王稼祥等人率领下，抓住国民革命军大举进攻之前的时机，一方面在根据地内消灭白点（指国民革命军占据的地点），巩固根据地；一方面集中红军主力1、3、5军团，到外围作战，向东北出击，扩大中央革命根据地，打通中央苏区与赣东北革命根据地的联系，争取第四次反“围剿”的胜利。\r\n\r\n    金溪战役从1933年1月4日开始至8日结束，包括黄狮渡（原属金溪）战斗、崇岭阻击战、大仙岭围歼战和长源庙阻击战。1933年元旦，中央红军1、3、5军团共计3万余人，从黎川、资溪等地出发进入金溪县境。随同朱德、周恩来、王稼祥到金溪的还有1军团军团长林彪、政委聂荣臻，3军团军团长彭德怀，5军团政委萧劲光等。1月4日，红军在黄狮渡与敌人展开激战，至5日下午六时，击毙敌军1000多人，俘虏敌军官兵3000多人，并占领了金溪县城。1月8日凌晨4时，红军又与敌人在金溪崇岭短兵相接，红军伤亡较大。在关键时刻，军团首长亲临前沿阵地，上午11时，红军拿下了崇岭主峰。\r\n\r\n    1月8日下午1时，敌军为了挽救败局，由浒湾增兵两个团，在长岗埠、枣树一带会合溃退之部队，据守大仙岭有利地形，构筑工事准备反扑。下午3时，红军大仙岭总攻开始，至9日凌晨，金溪战役全部结束。是役，红军共歼敌2000多人，俘敌4000余人，击溃敌军3个多师，缴枪4000多支。战斗结束后，红军派出工作队广泛发动群众，开展筹集军饷和扩红工作，金溪县又有600多名青壮年参加了红军。\r\n\r\n3、黄狮渡大捷纪念碑：\r\n\r\n    位于南城县（原属金溪）沙洲镇黄狮村，建于1964年7月。“黄狮渡大捷”是红一方面军在第四次反“围剿”之金溪战役中取得的第一个大胜利。 为了纪念这一大捷，在黄狮建有纪念碑一座，上镌有毛泽东同志的名言：“枪杆子里面出政权”。\r\n\r\n4、金溪战役纪念碑：\r\n\r\n    坐落在金溪战役遗址--浒湾镇大仙岭西麓，316国道北侧。该碑于1995年3月落成，是为纪念中国工农红军第一方面军于1933年1月粉碎国民党第四次“围剿”的先声战——金溪战役而建立。碑型设计如一杆枪形状，碑高10.5米，占地约100平方米，四周青松环抱，碑名为参与并指挥此次战役的聂荣臻元帅题写。被抚州市评为第二批全市爱国主义教育基地。\r\n\r\n    为了方便更多群众瞻仰纪念碑，缅怀红军英勇战斗事迹，2007年8月，金溪县在金溪战役遗址大仙岭上新建了一座“金溪战役纪念碑”。新金溪战役纪念碑碑型设计为粉红色的两柄利剑，直插云霄，顶端为五角金星，四周青松环抱，碑名为参与并指挥此次战役的聂荣臻元帅生前所题写。碑高24.3米，总投资636690元。', '34.00', '8:00-21:00', '123243', '1', '1');
INSERT INTO `scenic` VALUES ('40', '邹韬奋塑像', '1108', '余江县城镇街心花园', 'area/1108/scenic/ebcb6883-4e92-4b7e-b9a4-987edff462b2.png', '继鲁迅之后代表我国先进文化的光辉典范——邹韬奋。韬奋先生（1895年11月5日—1944年7月24日），鹰潭余江人。他是我国伟大的爱国者、著名的政治家，出版家和杰出的新闻记者，是继鲁迅之后代表我国先进文化的光辉典范。自20世纪20年代末开始，韬奋先生为了拯救中华民族危亡，他高举抗日救国大旗，先后创办11种进步刑物《生活》周刊、《大众生活》、《生活日报》等）', 'area/1108/scenic/6e7d8a49-2075-4cd9-9cbd-1d73ea0e2e89.png', 'area/1108/scenic/a7531ba8-17cd-4c3f-9fa5-5fc69dd2d974.png', 'https://v.qq.com/iframe/player.html?vid=l0544nd63wq&tiny=0&auto=0', '继鲁迅之后代表我国先进文化的光辉典范——邹韬奋。韬奋先生（1895年11月5日—1944年7月24日），鹰潭余江人。他是我国伟大的爱国者、著名的政治家，出版家和杰出的新闻记者，是继鲁迅之后代表我国先进文化的光辉典范。自20世纪20年代末开始，韬奋先生为了拯救中华民族危亡，他高举抗日救国大旗，先后创办11种进步刑物《生活》周刊、《大众生活》、《生活日报》等），创建散布各国重要城镇的56个生活书店，写下大量的著作和译作《韬奋全集》14卷，近800万字）。党和国领导人高度评赞邹韬奋先生：毛泽东同志1944年11月15日题词“热爱人民，真诚地人民服务，鞠躬尽瘁，死而后已，这就是邹韬奋先生的精神。这就是他之所感动人的地方”。周恩来同志1949年7月题词“韬奋同志经历的道路，是中国知识分子走向进步，走向革命的道路。”朱德同志题词“韬奋同志爱国志士，民主先峰”。江泽民同志题词“继承和弘扬韬奋真诚为人民服务的精神”。为纪念韬奋先生，1985年，经中央宣传部批准，在纪念邹韬奋诞生90周年之际，邹韬奋先生塑像落成于余江县城镇街心花园。', '0.00', '8:00-21:00', '234234', '1', '1');
INSERT INTO `scenic` VALUES ('41', '上清会师', '1108', '上清镇', 'area/1108/scenic/3d9012dc-5a3e-480d-93f7-9a911b03601a.png', '著名的上清会师。1933年1月25日，闽、浙、赣苏区的工农红军第十军，根据中央革命军事委员会的命令，南渡信江，在江西贵溪县上清镇与中央红军第三军团会师。', 'area/1108/scenic/b2f2aca0-a7f5-4d8a-ae86-8724c90578de.png', 'area/1108/scenic/a3c8270c-d512-4a59-9c75-a66662f0865d.png', 'https://v.qq.com/iframe/player.html?vid=t0552mgg8kq&tiny=0&auto=0', '著名的上清会师。1933年1月25日，闽、浙、赣苏区的工农红军第十军，根据中央革命军事委员会的命令，南渡信江，在江西贵溪县上清镇与中央红军第三军团会师。在上清镇的桂洲河边，召开了会师大会，朱德、彭德怀、王稼祥等代表中央军委阅兵并讲了话。这次会师，红十军与红三十一师合编为红十一军，红十一军在中央苏区的反“围剿”作战中，发挥了重要作用，为赢得第四次反“围剿”完全胜利作出了重大贡献。同时，开辟了信抚新苏区，最终打通了闽浙赣与中央苏区的联系。', '23.00', '8:30--17:00', '4554444', '1', '1');
INSERT INTO `scenic` VALUES ('42', '革命烈士纪念亭', '1108', '贵溪', 'area/1108/scenic/4492a8d2-c2d5-4f51-8408-50a43b291c32.png', '贵溪市革命烈士纪念馆，办公室地址位于江西省的“世界自然遗产”和“世界地质公园”双冠景区的鹰潭，鹰潭 周坊镇，我单位主要提供收藏革命烈士衣物弘扬革命烈士精神.', 'area/1108/scenic/edac4111-54cc-468d-9ccb-7dedad9c7320.png', 'area/1108/scenic/e47b7818-ccc9-425c-ace8-51f6903f7fb7.png', 'https://v.qq.com/iframe/player.html?vid=d0518iz26ar&tiny=0&auto=0', '贵溪市革命烈士纪念馆，办公室地址位于江西省的“世界自然遗产”和“世界地质公园”双冠景区的鹰潭，鹰潭 周坊镇，我单位主要提供收藏革命烈士衣物弘扬革命烈士精神.', '10.00', '8:00-21:00', '123456', '1', '1');
INSERT INTO `scenic` VALUES ('43', '安源矿工人俱乐部', '1109', '萍乡市安源镇半边街。', 'area/1109/scenic/163c2665-feca-4419-8d82-b6fd540b04c7.png', '位于中国江西省萍乡市安源镇半边街。安源路矿工人俱乐部于1922年5月1日成立，最早地点设在安源镇牛角坡25号', 'area/1109/scenic/e40f697f-8e8e-4111-a2f3-c580827b193e.png', 'area/1109/scenic/7694ae0f-cbe9-4242-b944-fd4a241e46d3.png', 'https://v.qq.com/iframe/player.html?vid=l0544nd63wq&tiny=0&auto=0', '位于中国江西省萍乡市安源镇半边街。安源路矿工人俱乐部于1922年5月1日成立，最早地点设在安源镇牛角坡25号。同年 9月14日俱乐部发动并领导了安源路矿工人大罢工，而且取得了胜利，1923年 4月俱乐部迁入现址。1925年 9月路矿当局勾结军阀屠杀了俱乐部副主任黄静源等10余人，俱乐部被查封。1982年中华人民共和国国务院公布为全国重点文物保护单位。\r\n\r\n俱乐部旧址有前后两栋建筑，建筑面积1266平方米。前栋是砖木结构的二层楼房，共14间，原为安源煤矿职员合股经营的协兴洋货店。楼下为裁判委员会、会计股、庶务股、纠察团办公室;二楼为主任团办公室、总代表会议室及刘少奇、黄静源的卧室。后栋为讲演厅，是仿莫斯科大剧院式样的四层轿顶式楼房，砖木结构，为路矿工人集资、自行设计和兴建的。面积 974平方米，内部四周是走廊式的四层楼房，一楼宽敞，可容纳 800人，二、三层三面都能看到舞台，四楼较窄。\r\n\r\n1954年中央人民政府拨款进行较大维修。1980年江西省拨款再次进行全面维修，基本保持了当年原貌。现设有安源路矿工人运动纪念馆，负责旧址的保护管理工作。', '56.00', '8:30--17:00', '123456', '1', '1');
INSERT INTO `scenic` VALUES ('44', '秋收起义广场', '1109', '萍乡城北新区', 'area/1109/scenic/97040acc-26f5-45b4-889a-e407ea9d4166.png', '秋收起义广场是为纪念秋收起义而建设的纪念性广场，位于萍乡城北新区，占地面积346亩，总投资1.2亿元，以新建的昭萍桥为中心，萍水河为纽带，四个块面组合而成。广场不仅建有气势恢宏的纪念碑，还有占地面积3700多平方米的喷泉池，高达57米的全电脑控制彩色音乐喷泉，全国处于领先水平的水幕电影，以及露天演艺场、艺术回廊、生态公厕，具有纪念、集会、娱乐、休闲等功能，成为萍乡市民的活动中心。', 'area/1109/scenic/9c49cfb2-6665-4000-9505-3a65507adc10.png', 'area/1109/scenic/28361e15-4085-4590-a061-7c2ac8735f9a.png', 'https://v.qq.com/iframe/player.html?vid=u053404nu2g&tiny=0&auto=0', '秋收起义广场是为纪念秋收起义而建设的纪念性广场，位于萍乡城北新区，占地面积346亩，总投资1.2亿元，以新建的昭萍桥为中心，萍水河为纽带，四个块面组合而成。广场不仅建有气势恢宏的纪念碑，还有占地面积3700多平方米的喷泉池，高达57米的全电脑控制彩色音乐喷泉，全国处于领先水平的水幕电影，以及露天演艺场、艺术回廊、生态公厕，具有纪念、集会、娱乐、休闲等功能，成为萍乡市民的活动中心。秋收起义纪念碑矗立在秋收起广场中心广场的主轴上。纪念碑占地面积151平方米，碑身高30.9米，其中碑柱高27米，象征秋收起义发生于1927年，基座高3.9米。纪念碑由“9”字（代表秋收起义爆发的时间为9月9日）、浮雕、长城、原安源煤矿徽标、碑柱、火炬、五星、碑文、红旗、山川、稻穗等图案协调配置，有机结合。', '0.00', '全天', '123243', '1', '1');
INSERT INTO `scenic` VALUES ('45', '安源总平巷', '1109', '萍乡城东面六公里处的安源镇境内', 'area/1109/scenic/28a1a29e-5359-4fc6-b06a-431eb93705cc.png', '总平巷--安源煤矿井口，位于萍乡城东面六公里处的安源镇境内，坐南朝北，呈牌坊形。总平巷是安源煤矿工人上下班以及煤炭输出的总巷道。总平巷内分东平巷、西平巷', 'area/1109/scenic/cfc0ddb5-6739-4e6c-9ae6-32c62941e9c7.png', 'area/1109/scenic/245ad2ec-063f-4ad4-a4a8-49fa73c36703.png', 'https://v.qq.com/iframe/player.html?vid=d0518iz26ar&tiny=0&auto=0', '总平巷--安源煤矿井口，位于萍乡城东面六公里处的安源镇境内，坐南朝北，呈牌坊形。总平巷是安源煤矿工人上下班以及煤炭输出的总巷道。总平巷内分东平巷、西平巷。因地面平坦，所以称为总平巷。总平巷是用红砖砌成的，井口上方塑有铁锤岩尖图案和\"总巷\"三个醒目大字，岩尖代表采煤工人，铁锤代表机械工人。解放前井口两侧设有岗亭，用于矿警和工头监视工人。\r\n\r\n安源总平巷煤矿开办时建造的矿井主要出入处。是一座砖砌门坊式建筑，背靠安源山，井口中间半月形建有大拱门为出入总口，通往距地面近千米深处的井下，两侧建有附属建筑物。她既是安源煤矿建矿史的重要文物，也是1922年9月罢工斗争的重要场所，毛泽东曾从这里下矿井考察，刘少奇、李立三也曾来此处了解工人生产生活情形。总平巷现为全省重点文物保护单位。\r\n \r\n革命事件\r\n总平巷因为在安源路矿工人运动中发生了一系列重大的革命事件而出名。\r\n\r\n安源路矿工人运动的开拓者毛泽东、刘少奇、李立三等多次到总平巷下矿井考察。1921年秋，毛泽东第一次来安源考察。他深入群众调查研究，从总平巷下到井下工作面，和工人促膝交谈，了解工人的苦难生活，用工人亲身经历的事实向工人进行马列主义教育。教育工人只要团结起来，就什么都不怕了。\r\n\r\n1922年9月14日，安源路矿工人大罢工从这里开始。井下工人在接到罢工信号后，手握岩尖、斧头，高呼罢工口号，像潮水一样涌出井口。工人监察队在井口上方竖起了\"罢工\"大旗，用煤桶堵塞井口，日夜严加把守，不准任何人下井，直至取得罢工胜利。\r\n\r\n1930年9月下旬，红一方面军来安源时，毛泽东带领部分红军干部、战士又一次从这里下到矿井深处与工人促膝谈心，进行革命宣传。\r\n折叠\r\n编辑本段\r\n\"心连心\"艺术团在总平巷慰问演出\r\n\r\n井冈起舞，萍水欢歌。在热烈庆祝党的十六大胜利闭幕的喜庆日子里，在认真学习宣传十六大精神的热潮中，中央电视台\"心连心\"艺术团带着党中央、国务院对江西老区人民的亲切关怀，来到萍乡进行慰问演出。江西省领导孟建柱、黄智权、陈达恒、刘上洋、陈礼久、陈癸尊、刘运来、王峰、李恩德观看了演出。\r\n\r\n2002年11月27日，中央电视台\"心连心\"艺术团小分队在安源煤矿总平巷矿井口前为千名安源工人和群众表演了节目。矿工出身的煤矿文工团男高音歌唱家刘君侠为工人师傅演唱了《要问我们想什么》，受到工人的热烈欢迎。在主会场上，请来了曾为中国革命浴血奋斗的革命老人，\'98抗洪英雄，方志敏烈士的后代，各条战线的劳动模范，聚集了2万余名欢乐的群众，现场气氛十分热烈，大家为艺术家精湛的表演陶醉、惊叹。在欣赏精美的艺术，享受温暖阳光的同时，所有的人都格外怀念为新中国抛头颅洒热血的革命先烈，倍加珍惜今天的幸福，深切感受到党中央和老区人民的心连在一起，决心在十六大的精神指引下，为全面建设小康社会而努力。', '23.00', '8:00-21:00', '345567', '1', '1');
INSERT INTO `scenic` VALUES ('46', '武功山', '1109', '江西省萍乡市', 'area/1109/scenic/5d98f3eb-c95c-4c6d-80f4-b010b7695d33.png', '武功山风景名胜区隶属于江西省萍乡市，介于东经114° 10′ -114° 17′ 和北纬27 °25′ -27° 35′ 之间，属罗霄山脉北段，绵延120公里，总面积260余平方公里。武功山主峰白鹤峰(又称金顶)海拨1918.3米。', 'area/1109/scenic/1ab33bc8-b080-4c19-9d63-3b985626a65c.png', 'area/1109/scenic/fc9070ec-cce6-408c-9d10-6f724af85c3f.png', 'https://v.qq.com/iframe/player.html?vid=d05529n4wp4&tiny=0&auto=0', '武功山风景名胜区隶属于江西省萍乡市，介于东经114° 10′ -114° 17′ 和北纬27 °25′ -27° 35′ 之间，属罗霄山脉北段，绵延120公里，总面积260余平方公里。武功山主峰白鹤峰(又称金顶)海拨1918.3米。\r\n\r\n萍乡武功山风景名胜区为国家AAAA级旅游景区、国家级风景名胜区、国家森林公园(面积约260平方千米)、国家地质公园(面积约378.3平方千米)、国家自然遗产、中国十大\"非著名\"山峰之一、2009年入围\"中国大学生最喜欢的旅游景区\"金奖、中国美丽田园等荣誉称号。 2013年，萍乡武功山国际帐篷节照片登上美国《时代》杂志。\r\n\r\n2016年10月，萍乡武功山景区顺利通过全国旅评委景观质量专家评审，正式列入5A创建预备名单。\r\n  \r\n\r\n武功山历史文化悠久，尤以道教文化最为突出，自三国时期(220年-280年)在此开设道场至今已历1700余年。\r\n\r\n晋代(265-420年)四川人士武氏夫妇慕名远来此地修炼，\"罗霄山\"和\"泸潇山\"从此又称为\"武公山\"。\r\n\r\n南朝陈朝时期(557年-589年)，将军欧阳頠出兵协助陈武帝陈霸先平定侯景之乱，途经\"武公山\"祷告求拜，得到武仙人托梦并授其平乱之策。后来成就了帝王霸业的陈武帝感念于山中神灵相助之功，便下令赐名\"。\r\n\r\n明嘉靖皇帝朱厚熜(1507年-1567年)曾派御使进御香于三天门，武功之名大噪于天下。明朝人刘鉴在《武功记》里面写到:\"东南天柱有三，盖衡，庐与武功。衡首庐尾武功中……乃乾坤之胜境，神仙之福地也。\"明代著名旅行家徐霞客游武功山后写下的，并赋《武功游》一诗，对武功山风光大为赞叹(收录于《明一统志·艺文篇》)，其中名句\"千峰嵯峨碧玉簪，五岭堪比武功山\"也就成为了武功山的最佳名片。武功\"，从此\"武功山\"取代了其他各种名称而名传千古。', '78.00', '8:30--17:00', '3423567', '0', '1');
INSERT INTO `scenic` VALUES ('47', '昌氏宗祠', '1110', '昌坊村', 'area/1110/scenic/040393ff-f08b-4b5e-b08c-f8c36bc3c3df.png', '宗祠，是宗法族权的缩影，是宗法封建制度下团结、约束、奖惩、教育族人最高权力的象征，是维系一个家族兴衰荣耀的精神纽带。因此，族人修建祠堂时，集中了民间的智慧和力量，无论从建筑规模、选址、设计、用料到工艺等都匠心独运，十分讲究。', 'area/1110/scenic/0f66dd9b-6e69-4232-9688-af12e9acef62.png', 'area/1110/scenic/002ad141-9197-4c2c-83fc-48e85ee10a08.png', 'https://v.qq.com/iframe/player.html?vid=t0552mgg8kq&tiny=0&auto=0', '宗祠，是宗法族权的缩影，是宗法封建制度下团结、约束、奖惩、教育族人最高权力的象征，是维系一个家族兴衰荣耀的精神纽带。因此，族人修建祠堂时，集中了民间的智慧和力量，无论从建筑规模、选址、设计、用料到工艺等都匠心独运，十分讲究。\r\n\r\n       昌氏宗祠始建于明朝英宗5年（已未年）即公元1439年，为昌坊村祖公昌余庆建造，当时称家厅。', '0.00', '8:30--17:00', '3333333', '1', '1');
INSERT INTO `scenic` VALUES ('48', '仰天岗纪念碑', '1110', '沙土乡阴陂渡槽南岸东', 'area/1110/scenic/f1fbd7c9-9f10-4d63-98a5-9502e8786f1d.png', '为表彰烈士的功勋，1929年8月江西省主席朱培德拨款建碑。碑址位地沙土乡阴陂渡槽南岸东10米处。碑为钢筋混凝土与青石板结构，高约15米。碑基为直径6米的圆柱，正面为踏步，四周为负筋水泥柱，由钢管圈成上下两圈，呈栏杆状。碑基上为三角形碑座，镶嵌三块青石，刻有楷书碑文，落款为“国民革命军第五路军总指挥，江西省主席朱培德撰；', 'area/1110/scenic/f6384d62-9d27-4dce-b00b-2c92f3b9c3e9.png', 'area/1110/scenic/396262cb-be85-48de-a46a-dd7c4d35fa87.png', 'https://v.qq.com/iframe/player.html?vid=n0344d5we2u&tiny=0&auto=0', '1926年9月13日至16日北伐军第二、三军的一部与北洋军阀邓如琢部激战于仰天冈一带。北伐军先败后胜，重创敌军。此役北伐军阵亡2000余人，新喻农友牺牲200多人。\r\n    为表彰烈士的功勋，1929年8月江西省主席朱培德拨款建碑。碑址位地沙土乡阴陂渡槽南岸东10米处。碑为钢筋混凝土与青石板结构，高约15米。碑基为直径6米的圆柱，正面为踏步，四周为负筋水泥柱，由钢管圈成上下两圈，呈栏杆状。碑基上为三角形碑座，镶嵌三块青石，刻有楷书碑文，落款为“国民革命军第五路军总指挥，江西省主席朱培德撰；国民革命军第三军军长王钧书。”碑身为尺寸相同的三面，正面镶刻国民党党徽，徽下有碑额，文曰：“国民革命第三军新喻之役阵亡将士纪念碑。”上端塑有剌刀。1970年4月，该碑被沙土公社堆上大队革委会炸毁。为缅怀革命先烈的业绩，新余市政府已将仰天冈西面辟为烈士陵园，修建了烈士纪念碑、烈士公墓以及北伐、红军、搞战、解决四亭，成为青少年革命传统教育基地。', '0.00', '8:00-16:00', '3423567', '1', '1');
INSERT INTO `scenic` VALUES ('49', '罗坊纪念碑', '1110', '新余市东罗坊镇袁河之滨', 'area/1110/scenic/14ed6379-b92a-402d-988e-57134b8b8b34.png', '罗坊会议纪念馆位于新余市东罗坊镇袁河之滨。该馆始建于１９７３年，１９７６年国庆节开馆，建筑面积达２２００平方米，是一组颇具民族风格的以四合院为主体的建筑群。 该馆下辖陈家闹罗坊会议旧址、院前村红一方面军总部旧址、彭家洲兴国调查会旧址......等八处革命纪念地。馆中分设六间展厅，第一至第四厅罗坊会议陈列，第五、第六厅为新余地方革命史陈列。', 'area/1110/scenic/4279f228-ee12-43e4-a158-c2fdbe778663.png', 'area/1110/scenic/9d20be68-cd55-490d-bce9-deae1dc74e6b.png', 'https://v.qq.com/iframe/player.html?vid=u053404nu2g&tiny=0&auto=0', '罗坊会议纪念馆位于新余市东罗坊镇袁河之滨。该馆始建于１９７３年，１９７６年国庆节开馆，建筑面积达２２００平方米，是一组颇具民族风格的以四合院为主体的建筑群。 该馆下辖陈家闹罗坊会议旧址、院前村红一方面军总部旧址、彭家洲兴国调查会旧址......等八处革命纪念地。馆中分设六间展厅，第一至第四厅罗坊会议陈列，第五、第六厅为新余地方革命史陈列。\r\n　　１９３０年１０月２５日，为了决定红军的行动方向，粉碎敌人对中央苏区的第一次“围剿”，毛泽东在新喻县罗坊陈家闹主持召开了红一方面军总前委和江西省行委联席会议，史称罗坊会议。 罗坊会议纪念馆是一个专题性的党史纪念馆，是进行革命传统教育的重要阵地。', '34.00', '8:00-21:00', '222222', '1', '1');
INSERT INTO `scenic` VALUES ('50', '百丈峰', '1110', '新余市渝水区东南部', 'area/1110/scenic/c9f78e57-67d0-4abd-8a4a-94f6bad44372.png', '百丈峰旅游区百丈峰旅游区渝水区百丈峰风景区自然环境优美，森林资源十分丰富，景区森林面积达3079公顷，总蓄积量21.6万立方米，森林覆盖率达90.8%。', 'area/1110/scenic/4a618d5c-3c4b-449a-9ffe-6fe7a85cecc4.png', 'area/1110/scenic/503b17b3-f23e-43d3-ac39-9d8645f7385c.png', 'https://v.qq.com/iframe/player.html?vid=d0518iz26ar&tiny=0&auto=0', '2009年12月百丈峰风景区管委会暨区旅游局成立，此举标志着百丈峰风景区整体开发正式启动，对提升景区品位和促进渝水区旅游业的发展将产生积极的作用。\r\n  百丈峰旅游区百丈峰旅游区渝水区百丈峰风景区自然环境优美，森林资源十分丰富，景区森林面积达3079公顷，总蓄积量21.6万立方米，森林覆盖率达90.8%，生态环境极为良好，有一大批国家、省级重点和有益的野生动植物资源;百丈峰人文底蕴深厚，境内文物古迹遍布，有云峰禅寺、皇帝洞、岳飞点将台、葛仙坛、东峰坛、雷庙等，曾经是佛道兴隆之地，历代名人在此或修道参禅，或探幽访胜，留下无数胜迹与名篇。\r\n  百丈峰景区定位为养生度假休闲区，以\"慢游\"为理念，突出\"养生\"主题，景区规划由中端养生度假区、高端养生度假区、山林生态游赏区三大块组成，其中中端养生度假区包括佛禅文化、仿古商业街、养生度假山庄、农家乐客栈、旅游观光花果园等建设项目;高端养生度假区包括高档度假山庄、马术俱乐部、抱石画家村、SPA水疗中心及其他养生度假设施;山林生态游赏区包括水上俱乐部、垂钓中心、篝火广场等内容。同时，利用百丈峰森林公园丰富的森林资源，延伸开发建设罗坊--百丈峰\"修身养性\"休闲区，使其真正成为乡村型生态观光、体验式旅游为主的景区。\r\n  百丈峰风景区是渝水区旅游业发展的品牌和龙头。开发百丈峰旅游资源，可以延伸、拓展新余东部旅游线路，促进新余旅游资源开发，早日实现旅游资源优势转化为经济优势，实现渝水区旅游业的跨越式发展。目前，景区总体规划已经全部完成;云峰禅寺、景区旅游公路、水库改造等项目正有条不紊地进行。百丈峰风景区以度假休闲为主的生态旅游，将成为全市旅游的又一大', '45.00', '8:30--17:00', '34353453', '0', '1');
INSERT INTO `scenic` VALUES ('51', '红十军建军旧址', '1111', '西省乐平市众埠镇界首村', 'area/1111/scenic/0214acc3-4303-4a56-8f38-6250f239b486.png', '红十军建军旧址位于江西省乐平市众埠镇界首村，建筑面积近 300 平方米，清代居民风格，旧址内陈列了有关红十军建军的照片、图表等珍贵的历史资料，反映了红十军为创建、巩固和发展革命根据地，保卫中央苏区和掩护中央红军主力战略大转移，推动全民族的抗战和中华民族解放事业，作出卓越贡献的光辉历程 。', 'area/1111/scenic/0d8d843b-03d6-4da5-bd30-b647ea981e6e.png', 'area/1111/scenic/c2441e7a-b623-4268-9eea-3e98539dd50a.png', 'https://v.qq.com/iframe/player.html?vid=l0544nd63wq&tiny=0&auto=0', '红十军建军旧址位于江西省乐平市众埠镇界首村，建筑面积近 300 平方米，清代居民风格，旧址内陈列了有关红十军建军的照片、图表等珍贵的历史资料，反映了红十军为创建、巩固和发展革命根据地，保卫中央苏区和掩护中央红军主力战略大转移，推动全民族的抗战和中华民族解放事业，作出卓越贡献的光辉历程。 众埠镇界首村是乐平马氏最大的一个村庄，共有近500户、2000人口，因其位于乐平与弋阳两县交界处而定村名，它是中国工农红军第十军的创建基地。\r\n\r\n   中国工农红军第十军(简称红十军)，是由方志敏、邵式平、周建屏等创建的闽浙赣革命根据地的主力红军，1930年7月22日在界首村举行建军典礼而建成，军部设在界首祠堂，主席台设在祠堂外右侧的古戏台上，方志敏同志主持并讲话，全军将士在台下广场参加严肃的盛典。全军指战员共有1700余人、枪1000余支，军长为周建屏，政委先后为吴先民、胡庭铨、邵式平；方志敏、邵式平、胡庭铨、周建屏、宣大统、李文滔、李辑三、李上达为党委常委。红十军建军之前，起源于民国十五年(1926年)方志敏领导的弋阳漆工镇暴动，传诵为“两条半枪闹革命”后，逐步发展起来的武装部队。红十军建军后，血战东南，屡建奇功，声威远播。后来在方志敏领导下，高举北上抗日大旗，进军皖南，历经艰险，英勇作战，为巩固和发展闽浙皖赣革命根据地，配合中央苏区五次反“围剿”斗争，为全国的解放建立了不朽的功勋，作出了杰出的贡献。', '0.00', '8:00-21:00', '123456', '1', '1');
INSERT INTO `scenic` VALUES ('52', '景德镇民窑博物馆', '1111', '湖田窑古瓷遗址文物保护区', 'area/1111/scenic/d955025c-db01-4f36-a9ff-e4a9f294c90c.png', '景德镇民窑博物馆设于全国著名的湖田窑古瓷遗址文物保护区内。在四十余万平方米的地下积淀了五代至明朝（公元907年—公元1644年）制瓷历史的丰富文化遗存，它清晰地反映了这七百年间陶瓷工艺史上重大变革和集中国古代制瓷历史之大成的全过程，是全国乃至全世界陶瓷史学研究者、陶瓷工艺美术爱好者和中外广大游客的朝圣之地。', 'area/1111/scenic/baad83e6-1923-4c87-9f9e-3382173eb663.png', 'area/1111/scenic/e2faf30a-effc-4af6-b9f1-c3d72d7c6d2e.png', 'https://v.qq.com/iframe/player.html?vid=n0344d5we2u&tiny=0&auto=0', '景德镇民窑博物馆设于全国著名的湖田窑古瓷遗址文物保护区内。在四十余万平方米的地下积淀了五代至明朝（公元907年—公元1644年）制瓷历史的丰富文化遗存，它清晰地反映了这七百年间陶瓷工艺史上重大变革和集中国古代制瓷历史之大成的全过程，是全国乃至全世界陶瓷史学研究者、陶瓷工艺美术爱好者和中外广大游客的朝圣之地。\r\n  窑博物馆不仅收藏陈列了湖田窑各个历史阶段产生的各类典型标准器物和历史考古发掘出来的珍贵文物及考古标本等，还保护了宋、元、明各个重要历史时期弥足珍贵的窑炉、制瓷作坊等二十余处遗迹，向人们展示了古代制瓷的现场情景，让人们感受和触摸到历史的真实。\r\n\r\n　 民窑博物馆周围环绕着十二处二十六万平方米面积尚未发掘的古陶瓷遗存，较完整地保存了历史原貌。这些地下丰富文化遗存与发掘清理出来的遗迹，已成为全国重点文物保护单位。', '12.00', '8:00-21:00', '123456', '1', '1');
INSERT INTO `scenic` VALUES ('53', '瑶里陈毅故居', '1111', '经县', 'area/1111/scenic/2d1a7229-ad14-4bce-90e8-ac275cc599fc.png', '瑶里陈毅故居建于清朝乾隆初年，系三重堂式木结构瓦房，占地面积1千平方米。陈毅同志于1901年8月26日诞生于此，1980年经县政府修茸改为陈列馆对外开放。 　　 　　', 'area/1111/scenic/67f0b4a0-dbf1-4854-8b08-68db4805d394.png', 'area/1111/scenic/c666824c-b084-4518-a999-87d4b32241c5.png', 'https://v.qq.com/iframe/player.html?vid=u053404nu2g&tiny=0&auto=0', '瑶里陈毅故居建于清朝乾隆初年，系三重堂式木结构瓦房，占地面积1千平方米。陈毅同志于1901年8月26日诞生于此，1980年经县政府修茸改为陈列馆对外开放。 　　 　　\r\n\r\n旧居大门悬挂有“陈毅故居”金漆大字横匾，两侧为赵朴初撰写的“直声满天下，殊勋炳世间”楹联。第二重堂是陈列馆，共有四间展室，着重展出陈毅青少年时代和平生从事革命工作的照片、文物资料近两百件。第三重堂陈列着陈毅同志的出生地和少年时期食宿、学习过的地方及使用过的用具。综观整座庭院，松柏挺秀，竹径幽深，显示出一派肃穆幽静的气氛。', '10.00', '8:30--17:00', '123243', '1', '1');

-- ----------------------------
-- Table structure for spcomment
-- ----------------------------
DROP TABLE IF EXISTS `spcomment`;
CREATE TABLE `spcomment` (
  `id` int(11) NOT NULL AUTO_INCREMENT,
  `userNum` varchar(255) DEFAULT NULL,
  `tNum` int(11) DEFAULT NULL,
  `ptime` datetime DEFAULT NULL,
  `content` text,
  `stage` int(11) DEFAULT NULL,
  PRIMARY KEY (`id`),
  KEY `userNum` (`userNum`),
  KEY `tNum` (`tNum`),
  CONSTRAINT `snum` FOREIGN KEY (`tNum`) REFERENCES `specialty` (`id`),
  CONSTRAINT `usernum` FOREIGN KEY (`userNum`) REFERENCES `user` (`userId`)
) ENGINE=InnoDB AUTO_INCREMENT=23 DEFAULT CHARSET=utf8;

-- ----------------------------
-- Records of spcomment
-- ----------------------------
INSERT INTO `spcomment` VALUES ('3', '13', '3', '2018-03-26 12:25:10', '三杯鸡真的很好吃！！！', '1');
INSERT INTO `spcomment` VALUES ('4', '11', '3', '2018-04-02 11:12:46', '美味口渴，吃了还想吃', '1');
INSERT INTO `spcomment` VALUES ('5', '14', '1', '2018-03-26 20:33:17', '大唐东坡肉果然名不虚传', '1');
INSERT INTO `spcomment` VALUES ('6', '11', '1', '2018-04-03 20:33:58', '吃了大唐东坡肉，想着都流口水', '1');
INSERT INTO `spcomment` VALUES ('7', '12', '2', '2018-04-01 20:35:01', '大塘清明酒富含各种氨基酸，不仅喝了健康，还可以送给亲朋好友', '1');
INSERT INTO `spcomment` VALUES ('8', '12', '4', '2018-04-08 20:38:34', '匡庐石鸡腿吃了还想吃，值得品尝！！', '1');
INSERT INTO `spcomment` VALUES ('9', '13', '4', '2018-04-06 20:39:55', '特意买了匡庐石鸡腿，果然和朋友描述的一样好吃！！', '1');
INSERT INTO `spcomment` VALUES ('10', '11', '5', '2018-04-02 20:41:40', '不得不说，米粉蒸肉---真的好香啊！！', '1');
INSERT INTO `spcomment` VALUES ('11', '12', '6', '2018-04-08 20:42:49', '瓦罐汤，真的很鲜！！', '1');
INSERT INTO `spcomment` VALUES ('12', '13', '7', '2018-04-01 20:43:32', '豆耙如果用来炒的话，味道也挺不错。', '1');
INSERT INTO `spcomment` VALUES ('13', '13', '1', '2018-04-16 10:56:08', '额特特', '1');
INSERT INTO `spcomment` VALUES ('14', '11', '5', '2018-04-16 11:04:38', '米粉蒸肉，看起来就好吃！！', '1');
INSERT INTO `spcomment` VALUES ('15', '11', '4', '2018-04-18 18:56:29', '好吃', '1');
INSERT INTO `spcomment` VALUES ('16', '11', '5', '2018-04-18 19:32:40', '超级无敌，米粉蒸肉！！', '1');
INSERT INTO `spcomment` VALUES ('17', '15', '10', '2018-04-19 09:08:55', '瑞昌山药历史悠久，据明代隆庆年间的《瑞昌县志》就有记载。', '1');
INSERT INTO `spcomment` VALUES ('18', '13', '15', '2018-04-19 09:18:50', '“酸辣粉”系纯然绿色食品，将康美味！！', '1');
INSERT INTO `spcomment` VALUES ('19', '15', '5', '2018-04-26 21:02:40', '看着就好吃！！', '1');
INSERT INTO `spcomment` VALUES ('20', '12', '22', '2018-04-26 21:05:14', '南康汤皮据说很好吃哦！！', '1');
INSERT INTO `spcomment` VALUES ('21', '12', '22', '2018-04-26 21:06:08', '好吃！！', '1');
INSERT INTO `spcomment` VALUES ('22', '13', '7', '2018-04-26 21:08:37', '当早餐吃，不错。', '1');

-- ----------------------------
-- Table structure for specialty
-- ----------------------------
DROP TABLE IF EXISTS `specialty`;
CREATE TABLE `specialty` (
  `id` int(11) NOT NULL AUTO_INCREMENT,
  `tNum` int(11) NOT NULL,
  `tCategory` varchar(255) NOT NULL,
  `tName` varchar(255) NOT NULL,
  `tPrice` double(10,2) NOT NULL,
  `tPic` varchar(255) NOT NULL,
  `pic2` varchar(255) DEFAULT NULL,
  `pic3` varchar(255) DEFAULT NULL,
  `tDescrible` text NOT NULL,
  `stocknum` int(11) DEFAULT NULL,
  `stage` int(11) DEFAULT NULL,
  PRIMARY KEY (`id`),
  KEY `tNum` (`tNum`),
  CONSTRAINT `tNum` FOREIGN KEY (`tNum`) REFERENCES `area` (`areaNum`)
) ENGINE=InnoDB AUTO_INCREMENT=55 DEFAULT CHARSET=utf8;

-- ----------------------------
-- Records of specialty
-- ----------------------------
INSERT INTO `specialty` VALUES ('1', '1101', '2', '大唐东坡肉', '100.00', 'area/1101/specialty/1.jpg', 'area/1101/specialty/x2.jpg', 'area/1101/specialty/x3.jpg', '大塘东坡肉是江西省南昌市新建县大塘坪乡的特产。大塘东坡肉具有肥而不腻，酥而不烂，鲜香味美，入口即化的特点，千百年来，一直是当地百姓婚丧嫁娶，风俗节日，筵宾待客席上必备的特色菜肴，具有广泛的影响力。\r\n\r\n　　大塘东坡肉是江西省新建县大塘坪乡一带的传统特产，历史悠久，距今已有一千多年。大塘东坡肉分布范围主要在新建县大塘坪乡、铁河乡、金桥乡、象山镇一带，以及毗邻的永修县部分乡镇。\r\n\r\n　　　　\r\n\r\n　　大塘东坡肉起源于宋代文豪苏东坡一次途经新建大塘，救治一名患中暑的小孩，小孩父母为感激苏东坡的救命之恩，从集上买来整块肉在征求苏东坡如何制作时，误会意思，弄拙成巧，烧制成的一道有独特风味的菜肴。\r\n\r\n　　　　\r\n\r\n　　大塘东坡肉制作工艺独特，它用一斤左右的整块五花肉首先煮熟，然后放入沙锅，加上姜、葱、酱油、冰糖、黄酒、葱结等佐料，用文火焖烧两小时，再将肉块装入陶罐中，加盖，以桃花纸密封，上蒸笼蒸透。\r\n\r\n　　　　\r\n\r\n　　大塘东坡肉，固其制作工艺独特，保持了原汁原味，具有丰富的营养价值，长期食用，能强身健体，保持旺盛的精力。增强人体的免疫力。\r\n\r\n　　　　\r\n\r\n　　大塘东坡肉是新建饮食文化的典型代表，大塘东坡肉的制作工艺是我国民间众多的烹调工艺中的一种独特工艺。它集历史文化名人的轶事和独特的制作工艺为一身，具有深厚的历史渊源和广泛的影响力。是历史遗留下的独特而宝贵的烹饪文化遗产。 ', '493', '1');
INSERT INTO `specialty` VALUES ('2', '1101', '3', '大塘清明酒', '120.00', 'area/1101/specialty/2.jpg', 'area/1101/specialty/y2.jpg', 'area/1101/specialty/y3.jpg', '大塘清明酒是江西省南昌市新建县大塘坪乡的特产。大塘清明酒因在清明节期间酿造而得名。采用优质糯米酿造，工艺独特，富含糯米的营养物质，有甜酒娘的营养，又有白酒的酒劲。\r\n\r\n　　大塘坪乡地处鄱湖之滨，虽然不是名乡名镇，但酿造的清明酒醇香可口，是家乡的名优特产，吸引了不少海内外的客人。\r\n\r\n　　清明酒是用当地的优质糯米酿制的。它的颜色与其他酒不同，储藏时间的长短决定深浅，先是白色，然后变成淡红色，再成暗红色，最后褐色、黑色，就是陈年老酒了。\r\n\r\n　　清明酒的酿制分两道工序；一道工序是在清明节前后酿制甜酒酿，和糟一起用坛装好密封；二道工序是下半年或来年再酿造糯米高度白酒，按一定比例兑入发酵后的甜酒坛中密封。这样，清明酒就制作完毕了。做工地道的清明酒不仅可口，还有药理作用，可以治疗胃肠炎和关节炎等。传说这酒还是康熙皇帝命名的呢。早年，康熙微服私访来到大塘坪一户人家，正是清明时节，主人看看康熙不像一般人，就用自己酿制多年的清明酒款待他。康熙一喝，连称：“好酒！好酒！”主人滔滔不绝地向康熙介绍这酒的酿造过程，但说不出酒的名字。康熙听后道：“此时正是清明节，何不就叫‘清明酒’。”从此，清明酒的美称流传至今。\r\n\r\n　　经江南大学检测分析，“大塘清明酒”中含有丰富的营养成份，如糖、蛋白质、氨基酸、酯类物质、微量的高级醇及多种维生素等。特别是本酒所含有的二十一种氨基酸，其中四种是未知氨基酸，八种是人体必须氨基酸，而且含量居各种酿造酒类之首，被誉为“液体蛋糕”。酒内还含有各种维生素如B1，B2，B6，C及烟酸；微量元素Zn、Fe、Mn、K、Ca、Se等，是一款营养性地方特色酒。 ', '695', '1');
INSERT INTO `specialty` VALUES ('3', '1101', '2', '三杯鸡', '70.00', 'area/1101/specialty/3.jpg', 'area/1101/specialty/z1.jpg', 'area/1101/specialty/z2.jpg', '因烹调鸡块时加入甜米酒、猪油、酱油各一小杯，不放汤水，用炭火将鸡块炖熟，故名。“三杯鸡”的来源，据说是厨师在外地偶然发现，回昌后，烹制方法又作了改进，调料中增加了香葱、生姜等，用小砂锅加盖放在炭炉上慢火炖制。上桌后满座飘香，砂锅内鸡块色泽发红，鸡肉鲜美，汤汁香醇，且为原　味，深受欢迎。\r\n\r\n　　 特点\r\n\r\n　　 色泽金黄、味道香浓\r\n\r\n　　 原料\r\n\r\n　　 嫩仔鸡1只（重约1250克）、生姜10克、香葱10克、猪油100克、酱油100克、客家米酒100克、香菇10克\r\n\r\n　　 制作方法\r\n\r\n　　\r\n\r\n　　 1、将鸡宰杀去毛，剖腹去内脏，洗净，剁下头、脚，鸡身剁成1.5厘米见方的块。将鸡肫、鸡肝洗净，与鸡头、脚一同切成1.5厘米见方的块，全部用砂钵装好。\r\n\r\n　　 2、将香葱打结，姜块拍松和猪油、酱油、甜米酒（各一杯）一起倒入砂钵内先用中火烧沸。再用文火炖20分钟，至卤汁收浓，拣去葱、姜，连锅端上餐桌即可。\r\n\r\n　　 文化背景\r\n\r\n　　 三杯鸡是江西传统名菜，为北京奥运会指定菜品，起源于宁都。相传有一户农家，姐弟二人相依为命。因生活贫困，弟弟要外出谋生。临行前，姐姐将家中仅有的一只母鸡杀了，剁成块，连同内脏装在砂钵里，苦于无调料，只放些米酒、猪油和酱油与鸡同煮。不料烧沸时香气四溢，惊动了在官府做厨的熊某。他登门拜访品尝了一块鸡肉，其味甚美。熊某当即求教，并加以改进和完善，用于酒宴，深受赞誉。从此，三杯鸡名扬四方。 ', '-2', '1');
INSERT INTO `specialty` VALUES ('4', '1101', '2', '匡庐石鸡腿', '110.00', 'area/1101/specialty/4.jpg', 'area/1101/specialty/c1.jpg', 'area/1101/specialty/c2.jpg', '匡庐石鸡腿是江西南昌的特色菜，造型别致，喷香嫩滑。制作方法：先将炒锅上火放入油将泡司炸好，倒入沥油。取鱼盘一只，锅留少许油，将白糖放入熬至带粘性的糖液，用泡司醮上液在鱼盘的一端垒成假山一座。姜切片，葱切段。再将炒锅上火放入油，烧热至四成油温里，将用蛋清、湿淀粉浆好的石鸡腿下锅滑油。锅内留油少许将葱姜下锅煸出香味，捞起葱姜，放入蒜及高汤，将蒜烧熟后，投入滑好油的石鸡腿，放料酒、精盐、味精稍炒，勾稀芡，淋明油，撒上胡椒粉，颠翻均匀，出锅装在盘子的另一端即成。 ', '-1', '1');
INSERT INTO `specialty` VALUES ('5', '1101', '2', '米粉蒸肉', '30.00', 'area/1101/specialty/5.jpg', 'area/1101/specialty/a1.jpg', 'area/1101/specialty/a2.jpg', '南昌人每年立夏前后都喜欢蒸上一碗米粉蒸肉，据说立夏日吃了不会生痱子。人们把大米加八角、桂皮等香料炒熟后研磨成粉，将五花肉切成厚片浸渍上辣椒油、酱油，再加白糖、料酒、味精等调味　品，然后倒入米粉拌匀，再将粘满米粉的肉一片片叠在碗内，上笼蒸熟至烂，吃时将肉扣在盘内即可。有的在肉内又拌入适量豌豆，使菜有粉香，又有碗豆清香，荤素鲜腻，别有风味。', '-3', '1');
INSERT INTO `specialty` VALUES ('6', '1101', '2', '瓦罐汤', '50.00', 'area/1101/specialty/7.jpg', 'area/1101/specialty/d1.jpg', 'area/1101/specialty/d2.jpg', '瓦罐汤，又名民间瓦罐汤，是民间传统的煨汤方法，是赣菜的代表。《吕氏春秋·本味篇》记载了煨汤的真谛：“凡味之本，水最为始，五味三材，九沸九变，则成至味”，几千年的历史记载和沉淀，使其独具特色。今天的瓦罐汤以江西南昌地区的闻名全国。\r\n瓦罐汤，又名民间瓦罐汤，是民间传统的煨汤方法，是赣菜的代表。《吕氏春秋·本味篇》记载了煨汤的真谛：“凡味之本，水最为始，五味三材，九沸九变，则成至味”，几千年的历史记载和沉淀，使其独具特色。今天的瓦罐汤以江西南昌地区的闻名全国。\r\n瓦罐汤，又名民间瓦罐汤，是民间传统的煨汤方法，是赣菜的代表。《吕氏春秋·本味篇》记载了煨汤的真谛：“凡味之本，水最为始，五味三材，九沸九变，则成至味”，几千年的历史记载和沉淀，使其独具特色。今天的瓦罐汤以江西南昌地区的闻名全国。\r\n瓦罐汤，又名民间瓦罐汤，是民间传统的煨汤方法，是赣菜的代表。《吕氏春秋·本味篇》记载了煨汤的真谛：“凡味之本，水最为始，五味三材，九沸九变，则成至味”，几千年的历史记载和沉淀，使其独具特色。今天的瓦罐汤以江西南昌地区的闻名全国。\r\n瓦罐汤，又名民间瓦罐汤，是民间传统的煨汤方法，是赣菜的代表。《吕氏春秋·本味篇》记载了煨汤的真谛：“凡味之本，水最为始，五味三材，九沸九变，则成至味”，几千年的历史记载和沉淀，使其独具特色。今天的瓦罐汤以江西南昌地区的闻名全国。民间饭庄瓦罐汤的是采用古来的煨制工艺，在专业瓦缸内进行煨制而出，以土质瓦罐为容器，加以食物配以纯净水为原料，以硬质木炭火恒温六面体受热，煨制出的瓦罐煨汤原汁原味，而且更含有很高的营养价值。瓦罐汤已在民间\r\n瓦罐\r\n瓦罐\r\n广泛传播，同时因为其不伤食材营养结构，已是营养汤膳的最佳煨制方式，配于多种食材和名贵药材，真正做到了营养复合和膳食功效。是补充营养、强体补虚、益智提神、养生保健的最佳饮食选择。', '-4', '1');
INSERT INTO `specialty` VALUES ('7', '1101', '2', '豆耙', '10.00', 'area/1101/specialty/6.jpg', 'area/1101/specialty/e1.jpg', 'area/1101/specialty/e2.jpg', '豆粑的原材料以大米为主，豆类为附，也有掺小麦和荞麦的。掺和的豆子可以是绿豆、红豆、豌豆、黄豆、蚕豆等食用豆子的一种或几种。\r\n豆粑的制作工艺很特别，主要包括把各种豆类大米等浸泡，再磨成浆，再在锅里烫成薄饼，然后将饼切成丝，晾晒干等步骤。每一个环节都很有讲究，比如各种原料的比例啦，磨浆的粗细啦，以及在锅里烫时的火候等等。\r\n由于原材料中多豆类，而且在锅中烫成了饼（江西方言中叫粑），所以豆粑的名字由此而来。\r\n制作\r\n豆粑的制作工艺较复杂，制作豆粑是农村冬季的一件大事。选质量上乘的籼米制出的豆粑才有韧性，先把精选好的原料添水浸泡14小时左右，按10斤籼米配3斤杂粮（如绿豆、黄豆、荞麦、芝麻等）的比例，\r\n合并图册\r\n合并图册(4张)\r\n 拌和均匀后按5：1兑好水磨浆。 豆粑浆磨成了，接着就是烫豆粑了。烫豆粑约需五、六个人配合才行，首先要安排一个有经验的人，站在锅边，等锅烧红后用丝瓜莆蘸油擦锅，然后用长柄木瓢或铁瓢舀半瓢豆粑浆，沿锅边均匀倒上薄薄一层，有空缺的地方用河蚌壳或刷子迅速刷匀，使薄饼厚度一致。约五分钟，一张豆粑饼就烫好了。之后把烫好的豆粑饼铺在倒放过来的竹筲箕上，由等候在旁边的人快速端走，把它放到一个直径约五尺的扁平晒筐中冷却。豆粑饼冷却后便折成长一尺五寸宽一寸半的条状，交给另一个人切成条状豆粑。接下来就把切好的细条状豆粑放到晒筐里晾晒，直到晒干为止。', '409', '1');
INSERT INTO `specialty` VALUES ('8', '1102', '1', '庐山云雾茶', '80.00', 'area/1102/specialty/ee966d4b-7271-4ea9-9e61-0ba4046d4af1.png', 'area/1102/specialty/cde2adbd-6f05-4770-b6d4-1899e0b097df.png', 'area/1102/specialty/710d9b3d-70c1-421f-8f6a-aad13d18ad9b.png', '人文历史简介 庐山云雾茶，系我国十大名茶之一，始产于汉代，已有一千多年的栽种历史，宋代列为“贡茶”，是有着悠久历史具有独特内在品质和内在浓郁文化氛围的地方特色产品，以原产地终年云雾弥漫而得碧绿明亮、叶底嫩绿匀齐的品质特点，在历届茶叶评比中获得多次殊荣，1959年被评为“中国十大名茶”，1971年被列为中国绿茶之“特种名茶”，庐山云雾茶以10.99亿元的品牌评估价值位居2010年发布的全国83个茶叶区域公用品牌价值第13位。庐山种茶，历史悠久，远在汉代，这里已有茶树种植。据《庐山志》记载，东汉时，佛教传入我国，当时庐山梵宫寺多至300余座，僧侣云集。他们攀危崖，冒飞泉，竞采野茶；在白云深处，劈崖填峪，栽种茶树，采制茶叶。东晋时庐山已成为佛教中心之一，据载，当时名僧慧远，在山上居住三十余年，聚集僧徒，讲授佛学，在山中发展种茶。唐朝时庐山茶已很著名。唐代诗人白居易也曾在庐山香炉峰结庐而居，挖药种茶，并写下了诗篇：“长松树下小溪头，斑鹿胎巾白布裘，药圃茶园为产业，野麋林鹳是交游”。庐山到宋代已有洪州鹤岭茶、洪州双井茶、白露、鹰爪等名茶。到了明代，庐山云雾茶名称已出现在明《庐山志》中，距今已有300余年。\r\n　　庐山云雾茶，系我国十大名茶之一，始产于汉代，已有一千多年的栽种历史，宋代列为“贡茶”。庐山云雾茶以“味醇、色秀、香馨、液清”而久负盛名。畅销国内外。仔细品尝，其色如沱茶，却比沱茶清淡，宛若碧玉盛于碗中。它的味道，类似“龙井”，却比龙井更加醇厚，若用庐山的山泉沏茶焙茗，就更加香醇可口。\r\n　　地域范围\r\n　　九江，位于长江中下游结合部的南岸。东枕鄱阳，与安徽东至县毗邻；南界南昌、宜春，与本省新建、安义、靖安、奉新、铜鼓诸县相连；西连幕阜，与湖南平江县和湖北崇阳、通城、通山、阳新多县接壤；北濒长江，与湖北武穴、黄梅及安徽宿松、望江县隔江相望；居鄂、湘、皖、赣四省交界处，为江西的北大门。庐山云雾茶农产品地理标志地域保护范围为庐山及鄱阳湖（九江管辖范围）、庐山西海及周边区域，涉及海会镇、岷山乡、赛阳镇等185个乡镇（办事处）。保护范围位于东经113°56′30″-116°54′01″，北纬28°41′12″-30°04′29″，保护面积60000公顷，年产量1.6万吨。', '344', '1');
INSERT INTO `specialty` VALUES ('9', '1102', '2', '彭泽鲫', '8.00', 'area/1102/specialty/4.png', 'area/1102/specialty/5.png', 'area/1102/specialty/6.png', '彭泽鲫，因其常栖于湖中的芦苇从中，体侧有5－7条灰黑色的芦苇似的斑纹（池塘中饲养一段时间后，斑纹会逐渐消失）而被称为芦花鲫；它以个体大（已知一尾最大个体体重6.5千克）著称，所以称它为彭泽大鲫。彭泽鲫原产于江西省彭泽县丁家湖、太泊湖、芳湖、芸湖等天然水域，是江西省水产研究所和九江市水产研究所从野生彭泽鲫中，自1983年起经7年多6代的精心选育而筛选出的优良品种。\r\n　　经选育后的彭泽鲫.生产性能发生明显改观，生长速度比选育前快50%，比普通鲫的生长速度快249.8%，并成为我国第一个直接从二倍体野生鲫鱼中选育出的优良养殖品种。由于彭泽鲫具有繁殖简易、生长快、个体大、抗逆性强、营养价值高等优良性状，现已在全国大部分地区推广养殖，并形成了完整配套的鱼苗繁殖、苗种培育及成鱼养殖技术，获得了明显的经济、社会效益。 彭泽鲫背部呈深灰黑色，腹部灰色，各鳍条呈青黑色，为纺锤形。头短小，吻钝，口端位呈弧形、唇较厚，无须，下颌稍向上斜。从下颌底部至胸鳍基部呈平缓的弧形， 彭泽鲫\r\n　　.尾柄高大于眼后头长。背鳍外缘平直，尾鳍分叉浅。雄性个体胸鳍较尖长，末端可达腹鳍基部。雌性个体胸鳍较圆钝，不达腹鳍基部。 彭泽鲫为广温、杂食性的湖泊定居性鱼类，行底栖生活，喜在底质较肥活且水草繁茂的浅水区栖息和摄食。它对水温的适应范围广，能终年正常摄食和生长，最佳生长水温为25－30℃。其对水质变化及低溶氧等理化因子有很强的忍耐能力。它在鱼苗阶段以浮游动植物为食，在鱼种和成鱼阶段可摄食有机碎屑、人工饲料、水生植物碎片、水生昆虫等。在自然水域中，彭泽鲫以当年生长最快，体重可达128克左右，第二年体重增长为上年增长速度的50%左右。在人工养殖下，北方地区当年可达150克左右，南方地区可达200克左右。 彭泽鲫1冬龄可达到性成熟，能在河溪、湖泊、池塘中自然繁殖，其卵为单精虫受精，是正常的二倍体有性生殖，卵具粘性。属多次产卵类型，每年3―7月繁殖，4月为繁殖盛期。在南方，一般3月中旬以后，水温上升到17℃左右时，彭泽鲫即开始繁殖，20―24℃时繁殖活动最盛。降雨、微流水和闷热的气候对繁殖期的彭泽鲫有诱发产卵作用。', '400', '1');
INSERT INTO `specialty` VALUES ('10', '1102', '2', '瑞昌山药', '7.00', 'area/1102/specialty/7.png', 'area/1102/specialty/8.png', 'area/1102/specialty/9.png', '　瑞昌山药历史悠久，据明代隆庆年间的《瑞昌县志》就有记载。据民间流传，瑞昌山药早在唐朝就成为了朝廷的贡品。相传，唐明皇为给杨贵妃美容，健身丰乳，搜觅天下灵丹妙药、山珍海味。时浔阳赤乌场的地方官速选送数箱，写明烹调之法，报呈进贡。食之，肤色白里透红，容光青春焕发，精力充沛旺盛，龙心大悦，对瑞昌山药赞不绝口，赐其雅号“南参”。从此瑞昌山药便列为皇家贡品，享誉皇家，名扬天下，成为当地的传统名优特产。\r\n　　瑞昌山药块茎长棒形，表皮淡黄或浅棕黄色，长25-60㎝，粗3-7㎝，上部毛孔多，须根密，一般长5-7㎝，多呈水平方向生长，中下部表皮光滑，毛孔较稀，须根少而短，毛孔下陷。颈部灰棕色，长约8.5-12.8㎝，粗0.8-1.5㎝，密生棕褐色细根。肉质洁白，组织细密，粘液多，烹调时久煮不糊。无明显缺陷、机械损伤、斑痕、萎缩、腐烂、异味和病虫害等。\r\n　　瑞昌山药其块茎含淀粉16%、蛋白质2.7%、脂肪0.2%、碳水化合物14%、Vc5㎎/100g、皂甙50ug/100g，以及消化酶、胆碱、碘质、钙质和多种氨基酸、维生素、微量元素等。\r\n　　瑞昌山药产于瑞昌市辖区内21个乡镇场，位于海拔60-600米之间，紧靠北回归线，产地中心地理坐标为东经115.38度，北纬29.4度。生产地域主要分布在瑞昌市行政区域内，全市各乡镇场均有种植，其中主要集中在南阳、高丰、桂林、横立山、白杨、洪下、夏畈等乡镇。保护面积20000亩。年产量2万吨。', '695', '1');
INSERT INTO `specialty` VALUES ('11', '1102', '1', '西港化红', '10.00', 'area/1102/specialty/10.png', 'area/1102/specialty/11.png', 'area/1102/specialty/12.png', '因西港地势平坦，土地肥沃，四周水体环绕，多年形成了特殊的小气候，尤其是夏季高温和冬季的冰冻，均因水体的调节作用，高温日和冰冻日都减少。经过四百多年的种植及品种改良，现在的西港化红味道鲜美、甜而略酸，香气浓郁，每100克果汁含维生素C59.6毫克，食之有止咳、化痰、散气、健胃、消食、燥湿、醒酒、消油腻、宽中、触蟹毒等，皮可入药。西港化红具有广阔的发展前景，更是种植化红的最佳地，修水冠之以“西港化红”之乡是当之无愧的。 “西港化红”属亚热带常绿果树中橙类的一个品种，果实甜酸适度，含有多种维生素及对人类有利的多种微量元素，经医学验证“西港化红”有止咳化痰、滋阴降火、强身健体等<<本草纲目>>中称奇的医疗保健作用，是我县乃至江南都是难得的特产保健水果。', '566', '1');
INSERT INTO `specialty` VALUES ('12', '1102', '2', '山药炖排骨', '20.00', 'area/1102/specialty/13.png', 'area/1102/specialty/14.png', 'area/1102/specialty/15.png', '山药炖排骨是一道食补汤品，主要食材是山药和排骨，主要烹饪工艺是炖。成品脆滑爽口，营养丰富，宜多食用。\r\n山药炖排骨作为冬季一道滋补药膳，富含丰富的营养价值，这道药膳含有人体必需的多种氨基酸及优质蛋白质。多种矿物质和维生素能满足人体基本需求。山药\r\n1. 健脾益胃、助消化：山药含有淀粉酶、多酚氧化酶等物质，有利于脾胃\r\n山药炖排骨\r\n山药炖排骨\r\n消化吸收功能，是一味平补脾胃的药食两用之品。不论脾阳亏或胃阴虚，皆可食用。临床上常用治脾胃虚弱、食少体倦、泄泻等病症；\r\n2. 滋肾益精：山药含有多种营养素，有强健机体，滋肾益精的作用。大凡肾亏遗精，妇女白带多、小便频数等症，皆可服之；\r\n3. 益肺止咳：山药含有皂甙、黏液质，有润滑，滋润的作用，故可益肺气，养肺阴，治疗肺虚痰嗽久咳之症；\r\n4. 降低血糖：山药含有粘液蛋白，有降低血糖的作用，可用于治疗糖尿病，是糖尿病人的食疗佳品；\r\n5. 延年益寿：山药含有大量的黏液蛋白、维生素及微量元素，能有效阻止血脂在血管壁的沉淀，预防心血疾病，取得益志安神、延年益寿的功效；\r\n6. 抗肝昏迷:研究发现山药具有镇静作用，可来抗肝昏迷。排骨\r\n猪肉为人类提供优质蛋白质和必需的脂肪酸。猪肉可提供血红素（有机铁）和促进铁吸收的半胱氨酸，能改善缺铁性贫血。排骨除含蛋白、脂肪、维生素外，还含有大量磷酸钙、骨胶原、骨粘蛋白等，可为幼儿和老人提供钙质', '567', '1');
INSERT INTO `specialty` VALUES ('13', '1102', '2', '柘林湖蕨菜', '4.00', 'area/1102/specialty/16.png', 'area/1102/specialty/17.png', 'area/1102/specialty/18.png', '蕨菜是一种野菜，即蕨的嫩茎或嫩叶，亦称“乌糯”。蕨是一种多年生草本植物，生于山下阳坡或疏林下。蕨菜味道独特，性凉，食之有去热，利湿功效。柘林湖蕨菜为野生，分布在西部山区和北部高丘地区，面积约3000亩，富含粗纤维，蛋白质，有防病、保肝功效，无污染，营养价值高，为餐桌上佳品，是珍贵的天然的绿色食品，可炒吃、凉拌和腌制，速冻后包装可销往境外。蕨菜是一种野菜，即蕨的嫩茎或嫩叶，亦称“乌糯”。蕨是一种多年生草本植物，生于山下阳坡或疏林下。蕨菜味道独特，性凉，食之有去热，利湿功效。柘林湖蕨菜为野生，分布在西部山区和北部高丘地区，面积约3000亩，富含粗纤维，蛋白质，有防病、保肝功效，无污染，营养价值高，为餐桌上佳品，是珍贵的天然的绿色食品，可炒吃、凉拌和腌制，速冻后包装可销往境外。蕨菜是一种野菜，即蕨的嫩茎或嫩叶，亦称“乌糯”。蕨是一种多年生草本植物，生于山下阳坡或疏林下。蕨菜味道独特，性凉，食之有去热，利湿功效。柘林湖蕨菜为野生，分布在西部山区和北部高丘地区，面积约3000亩，富含粗纤维，蛋白质，有防病、保肝功效，无污染，营养价值高，为餐桌上佳品，是珍贵的天然的绿色食品，可炒吃、凉拌和腌制，速冻后包装可销往境外。', '556', '1');
INSERT INTO `specialty` VALUES ('14', '1102', '2', '江州水浒肉', '20.00', 'area/1102/specialty/19.png', 'area/1102/specialty/20.png', 'area/1102/specialty/21.png', '将猪脊肉切成小块，撒上细盐，沾上生粉，拖过蛋清，入油锅稍炸后扣碗上笼蒸片刻，浇上料汁即可。相传北宋时，宋江被囚江州（九江古名），常呼二三兄弟赴浔阳楼聚饮，每每以此菜下酒，故得是名。历史典故：传说，宋代及时雨宋江杀死阎婆惜，被发配到了江州，戴宗、张顺、李逵等好汉仰慕他的英名，打通了衙门的关节，才使得宋江免受苦刑，宋江心中十分感激。英雄们相见恨晚，情投意合，今日你请，明日我要，日日相聚，临江观景，饮酒叙旧，好不痛快。江州城(今九江市)内有一著名酒楼浔阳楼，此楼背倚延支山，面临长江，一半在岸上，一半在江上，许多英雄豪杰、骚人墨客常在吃饭。这一天，大家欢聚浔阳酒楼，店小二上了一道菜，只觉香气扑鼻，众人低头一看，红润色鲜，晶莹透亮，宋江夹起一尝，觉得美味可口，麻辣适中，连呼\"好菜!好菜!\"\r\n“怎的菜，也值得大哥如此称赞。管它是好是歹，弟兄们难得一聚，来它个猛吃猛喝，一醉方休!\"李逵大声地叫道。\"愚兄虽不及诸位弟兄走南闯北，见多识广，但也到了一些地方，像这样烹调得法色香味美的菜，还是头一次，不知那位兄弟知道此菜何名?如何制法否?\"见宋江动问，张顺拱手答道：\"小弟稍知一二。此菜唤家乡肉，是饮酒的佳肴名菜。做法极易，取瘦肉浸汁上浆，放入油锅稍炒，切片上碟，撒上葱段姜末，花椒辣椒，然后拌入适当的酱油、麻油即成。\"李逵听着毫无兴趣，连声嘟哝道：\"管它怎地做法，大哥欢喜，再弄它个十盘八盘，吃个饱就是。喝酒!喝酒!\"从此，宋江爱上浔阳楼这道名菜了。后来，宋江浔阳楼上题反诗，连累了戴宗，又被奸臣蔡京的第九个儿子蔡得章知府判处死刑。开斩的这天，李逵与梁山英雄好汉一道大闹江州，劫了法场，救出了宋江、戴宗，一起上了梁山。次日，晁盖、吴用等首领在聚义厅大摆酒宴，一来庆祝众弟兄上山结义，二来为宋江、戴宗洗尘压惊，特地吩咐厨房专门做这道宋江等人爱吃的浔阳名菜\"家乡肉\"，流传到今天就成了【水浒肉】咯!', '453', '1');
INSERT INTO `specialty` VALUES ('15', '1102', '2', '武宁酸辣粉', '4.00', 'area/1102/specialty/22.png', 'area/1102/specialty/23.png', 'area/1102/specialty/24.png', '说起酸辣粉，大家都以为是四川、贵州等地的传统名小吃，其实不然，武宁县多为山区，红薯从古在该县就广为种植，红薯粉、薯粉丝一直是当地的饮食主料，酸辣粉也是当地人十分喜爱的一种民间小吃。与四川等的酸辣粉不同，武宁的酸辣粉不具麻味，其特点是“辣、鲜、香、酸且油而不腻”。“酸辣粉”系纯然绿色食品，主粉是由产于当地的红薯经粉碎、过滤、晾晒打浆后，再由农家用传统手工漏制而成。说起酸辣粉的来历，广泛流传着这样的典故。可以追溯到三国时期，当时是三国时期刘备、关羽、张飞在桃园三人结义后, 桃园的主人专门为他们做的饭菜，选了当时比较为人喜欢的红苕粉做主料，寓意这三人的友情像这粉条一样绵长，又加了一种特辣的小尖椒,和老坛酸菜以及红糖与黄莲在里面，刘备的意思是要让三人明白酸甜苦辣都不怕，著名的重庆酸辣粉，还有贵州和四川的酸辣粉、由此演变而来。后人因为其味酸辣入味，渐渐就改成了“酸辣粉”了。重庆酸辣粉特点是“麻、辣、鲜、香、酸且油而不腻”。', '555', '1');
INSERT INTO `specialty` VALUES ('16', '1103', '2', '南安板鸭', '34.00', 'area/1103/specialty/1.png', 'area/1103/specialty/2.png', 'area/1103/specialty/3.png', '南安板鸭是江南省著名的特产。外形美观，色泽白净，皮薄肉嫩，尾油丰满，骨脆可嚼，味香可口，诱人食欲。成为国内外市场上的腊味珍品。\r\n　　早在清朝(1850年)时，南安府(即面在的大余县南安镇方屋矿一带)就有板鸭生产。当时是一家一户加工，名曰：“泡腌”。为了提高加工质量和出口价值，对“泡腌”在色、香、味，型上不断摸索，总结经验，对生产工艺进行改革，重视对毛鸭的育肥，并用辅板造形等，使鸭身成为桃圆形，平整干爽，因而得名：“板鸭”。由于板鸭生产发源于南安府，故定名为南安板鸭，至今已有近百年的历史了。南安板鸭是江西著名传统特产，与福建建瓯板鸭、江苏南京板鸭、四川建昌板鸭并列中国传统四大板鸭之一。\r\n南安板鸭历史悠久，距今500多年，并于1911年获得巴拿马世界博览会金奖。南安板鸭外形美观，皮色奶白、瘦肉酱色，肉嫩骨脆，尾油丰满、味香可口，是腊味中的上品.南安板鸭为江西省的地方名优产品。外形美观，色泽白净，皮薄肉嫩，尾油丰满，骨脆可嚼，味香可口，诱人食欲。成为国内外市场上的腊味珍品。早在清朝(1850年)时，南安府(即面在的大余县南安镇方屋矿一带)就有板鸭生产。当时是一家一户加工，名曰：“泡腌”。为了提高加工质量和出口价值，对“泡腌”在色、香、味，型上不断摸索，总结经验，对生产工艺进行改革，重视对毛鸭的育肥，并用辅板造形等，使鸭身成为桃圆形，平整干爽，因而得名：“板鸭”。由于板鸭生产发源于南安府，故定名为南安板鸭，至今已有近五百年的历史了.南安板鸭在1915年首届巴拿马太平洋万国博览会获得金奖。中国驰名商标。\r\n', '343', '1');
INSERT INTO `specialty` VALUES ('17', '1103', '2', '瑞金荸荠', '12.00', 'area/1103/specialty/4.png', 'area/1103/specialty/5.png', 'area/1103/specialty/6.png', '　荸荠俗称马荠。瑞金荸荠，果皮薄，汁多，味甜，无渣，可生食，也可熟食，还可加工制作罐头。\r\n　　荸荠适应于阳光充足，排灌方便，中等肥力的水田种植。7月上旬育苗，下旬移栽，12月开始收获。全市种植面积2000多亩，年产800多万斤。除本地内销外，大量销往广东、福建、上海、南昌等地，制作的荸荠罐头亦有出口创汇。\r\n　　瑞金荸荠	瑞金市荸荠种植专业技术协会', '345', '1');
INSERT INTO `specialty` VALUES ('18', '1103', '2', '赣南脐橙', '11.00', 'area/1103/specialty/7.png', 'area/1103/specialty/8.png', 'area/1103/specialty/9.png', '赣南脐橙果大色艳、香气浓郁、甘甜味鲜、营养丰富，堪称果中佳品。在全国橙类评比中多次名列榜首。名优品种“朋娜”、“纽贺尔”、“奈沃足娜”等被评为国优产品，远销港澳。日本、法国、俄罗斯等国。信丰被评为“中国脐橙之乡”、“脐橙出口基地县”和全国唯一的“脐橙标准化示范区”。(赣州)\r\n　　地域范围\r\n　　2003年2月12日，农业部正式发布《优势农产品区域布局规划（2003—2007年）》，将赣南列入赣南湘南桂北优势产业区，将成为我国重要的鲜食脐橙生产基地。\r\n　　特定品质\r\n　　赣南脐橙的起名有两个原因：一是赣南由于其得天独厚的土壤条件，生产的脐橙果大形正，橙红鲜艳，光洁美观，可食率达74%，肉质脆嫩、化渣，风味浓甜芳香，含果汁55%以上，可溶液性固形物含量14%以上，最高可达16%，含糖10.5%-12%，含酸0.8-0.9%，固酸比15-17:1。\r\n　　文化典故\r\n　　与美国脐橙相比，可溶性固形物含量高1-2个百分点，与日本脐橙相比可溶性固形物含量高1-3个百分点，由于品质优良，风味浓郁，富有香气，深受欢迎，无形之中消费者把赣南产的脐橙称为之为赣南脐橙。二是由于广大农民种植脐橙获得了较好的经济效益，找到了一条脱贫致富奔小康的好路子。此外，境外客商看好赣南脐橙，进一步带动了产业，为了便于销售，进入大市场，参与国际国内市场竞争，自发地将本地脐橙起名为“赣南脐橙”。', '345', '1');
INSERT INTO `specialty` VALUES ('19', '1103', '1', '上犹绿茶', '56.00', 'area/1103/specialty/10.png', 'area/1103/specialty/11.png', 'area/1103/specialty/12.png', '　经国家工商总局商标局核准，上犹县申报的“上犹绿茶”成功注册地理标志证明商标。这是该县获批的首件农产品地理标志证明商标，上犹也成为全国少数拥有地理商标的县市之一。\r\n　　　　上犹县是全省有名的“茶叶之乡”，因其独特的气候和地理条件，所产茶叶具有“香高、味醇、色翠、汤绿、形美”的独特风味。近年来，该县按照“三年搭框架，五年打基础，十年成体系”的发展战略构想，着力壮大“两茶一苗”产业（茶叶、油茶和桂花苗木）。经过多年的努力，茶叶在上犹县已形成了强劲的产业优势。目前，该县拥有茶园7.2万亩，年产茶叶达1500多吨。该商标的成功注册，将进一步提升上犹县茶叶品牌知名度，形成“上犹绿茶”的核心竞争力，促进广大茶农种茶积极性和增收增效。', '456', '1');
INSERT INTO `specialty` VALUES ('20', '1103', '1', '赣南茶油', '78.00', 'area/1103/specialty/13.png', 'area/1103/specialty/14.png', 'area/1103/specialty/15.png', '　赣南有着悠久的种植油茶、食用茶油的历史，现有油茶林面积为170万亩，2012年产油量约8500吨，预计今年超万吨，油茶种植面积居全国首位，技术研究和育苗单位有赣州市林业科学研究所等5个，油茶加工企业主要有江西仰山园油茶开发有限公司、江西科泰生物技术有限公司、兴国山村油脂食品有限公司等。\r\n　　据介绍，茶油是用油茶的果实精炼出来的油，因富含不饱和脂肪酸、甘油酯及各种维生素，具有清热降火、清肝明目、延年益寿之功效。近年来，国际粮农组织已将茶油列为重点推广的健康型食用油。在中国，茶油被誉为“东方橄榄油”，具有广阔的市场前景。\r\n　　近年，赣州市已将目光瞄向潜力无限的油茶产业：2010年4月，赣州市将已被抢注的“赣南茶油”商标购回；2011年，“赣南茶油”申报注册国家地理标志证明商标；2012年，“赣南茶油”质量检测中心成立；2013年，各加工、销售企业统一使用“赣南茶油”品牌启用。“赣南茶油”发展，正掀开抱团闯市、集合发展的新篇章。\r\n　　产地范围。\r\n　　赣南茶油产地范围为江西省赣州市行政管辖区域内的赣县、兴国县、瑞金市、于都县、宁都县、会昌县、石城县、崇义县、上犹县、信丰县、大余县、龙南县、安远县、定南县、全南县、寻乌县、南康区、章贡区以及赣州经济技术开发区（赣州经济技术开发区在章贡区和南康区行政区划范围内）。\r\n　　信息来源：赣南日报', '566', '1');
INSERT INTO `specialty` VALUES ('21', '1103', '1', '于都梾木油', '67.00', 'area/1103/specialty/16.png', 'area/1103/specialty/17.png', 'area/1103/specialty/18.png', '于都梾木油\r\n　　梾木油是于都县特有的传统食用油，有200多年历史，以光皮梾木果实为原料生产加工制成，富含月桂酸、肉豆蔻酸等，脂肪酸结构均衡。近年来，事过于都县委县政府提出打造“高端食用油之乡”的发展战略，将光皮梾木产业作为地方经济发展的重点之一。目前，于都县已建设光皮梾木果树基地30万亩，建成的梾木油现代化生产线获得国家发明专利。\r\n　　江西省于都县现辖行政区域\r\n　　《关于划定于都于都梾木油地理标志产品保护范围的请示》，于府文〔2015〕32号\r\n　　江西省地方标准：\r\n　　《地理标志产品 于都梾木油》（草案）', '677', '1');
INSERT INTO `specialty` VALUES ('22', '1103', '2', '南康汤皮', '12.00', 'area/1103/specialty/6496b0b8-235f-4ef3-b379-367725bd3ac7.png', 'area/1103/specialty/8da26343-9e8f-4f3a-844e-30ddfd82140a.png', 'area/1103/specialty/bdfbccee-7e4b-4bff-aef9-f83a20a0d1d0.png', '汤皮，是一种用米浆做成的糕，晒干后可储藏，特好吃。汤皮有两种，一种是汤皮丝，它一丝一丝，绕成一团；另一种是汤皮片，可用来沙炒和油炸，十分香脆。现在客家人把汤皮糕当早点卖，把蒸熟的汤皮糕切成丝，配上大蒜、辣椒、酱油、生姜、盐等作料做成的引（囱）子，十分好吃。\r\n做汤皮的工序很复杂，也很累人，因此，客家妇女一般都会互相帮助。头天要先将米放在水里浸泡一天一夜，然后用石磨碾成米浆，放上切得很碎的葱、蒜、姜之类的香料搅匀，浇在竹做的小簸箕中，再将小簸箕放于锅里烧开了的水面上蒸（不直接放入水中）不大一会儿功夫就拿起来。如此反复，一次次蒸成一张张薄薄的米糕，便成了可以吃的汤皮糕。如果要做成汤皮丝，便要用上好的刀工切成丝；绕成团去晒干。如做成汤皮片，便晾在竹竿上晒干，然后用剪刀剪成片。不管是汤皮丝还是汤皮片，都是一种上好的食品，也是客家人才特有。', '25', '1');
INSERT INTO `specialty` VALUES ('23', '1103', '2', '南康辣椒酱', '23.00', 'area/1103/specialty/6495d8fa-6f40-484b-9bff-56a1fde9c7f8.png', 'area/1103/specialty/1686f511-a236-42c6-b6a4-561061639eb6.png', 'area/1103/specialty/c21fe952-7028-4cea-8b7b-5908879fef14.png', '南康辣椒酱，是南康市的传统特产，创始于明末清初，迄今已有300多年的产销历史。南康辣椒酱以色泽红亮油润，酱香浓郁，甜辣味美，营养丰富，经久耐藏而著称。南康辣椒酱具有增食欲、助消化的功效。\r\n  最早此品为民间自制自食，加工方法也比较简单。后经不断改进和提高，遂成为一种味美可口的“咸辣椒酱”，在县内外广为流传。但由于多为家庭制作，只有少量咸辣椒酱拿到市场销售。到清代中叶，南康县“三元斋酱园”根据民间工艺，结合酱园条件加以总结提高，进行商品化生产。到清末，产品已销赣州、南安等地。后来，三元斋停业，由“德福斋”酱园继续生产此品。\r\n  南康辣椒酱的主要原料是红辣椒、大豆、大米、糯米、食盐和白糖等。采用传统工艺须经腌制椒坯、晒制酱坯、配制成品三大工序制成。腌制椒坯是选用红亮肉厚的鲜辣椒，洗净、去蒂、切碎后加20%的食盐，腌渍四天，中间翻拌二、三次，然后撒盐密封，可供数年之用；晒制酱坯则以炒熟的大豆一百八十斤，大米三百八十斤，糯米四百八十斤磨粉、拌和后加水揉匀，做成长十二厘米，宽六厘米，厚三厘米的坯块，蒸熟后入霉房发酵制曲，然后再加入浓度为10%的食盐水，入缸晒制成酱坯；配制成品，将四份晒制成熟的酱坯与一份腌制椒坯混和拌匀，上石磨反复磨二、三次，装进缸中日晒，待晒至半干时，再加入为辣椒酱坯总30%的白糖，继续日晒，晒至手捏成团时，即为成品辣椒酱。', '673', '1');
INSERT INTO `specialty` VALUES ('24', '1103', '2', '牛皮糖薯干', '35.00', 'area/1103/specialty/09732345-3db9-4b8e-b7bd-42cc413c85b7.png', 'area/1103/specialty/2db5d2be-8d40-4615-9e9c-515bed547e7a.png', 'area/1103/specialty/aac9a176-b9c9-4236-9902-b3920d215298.png', '牛皮糖薯干，是江西兴国传统的汉族小吃，色泽红润透明，味甜爽口。\r\n  挑选每个重约3两左右的迟栽红薯，要求含淀粉少、含糖分高。选好薯块后，不必对其加工、洗涤，只需晾在通风处，使失水至薯软为止。应该选择能稳定几天的晴天，将薯块摘下洗净，投入锅内，煮熟为度。接着切片，煮熟后捞起剥皮，用或用刀，切成薄片，及时摊在蔑簟上曝晒，不可太干或太湿，至适度为止。再将晒至干燥适度的薯干叠贴起来，用棕叶丝捆扎住，扎的过程中要务必保持薯片的平整。最后添香暴蒸，将捆扎好的薯干放入蒸笼中，放点橙皮之类的香料用猛火暴蒸，软熟后解去棕叶丝，摊晒在蔑簟上，晒至适度就可收藏。', '560', '1');
INSERT INTO `specialty` VALUES ('25', '1104', '1', '婺源绿茶', '145.00', 'area/1104/specialty/1aacd860-1fa5-421a-8358-e02063aa4c6e.png', 'area/1104/specialty/e0ac369d-1e0f-4414-beb8-9a73026e7fbb.png', 'area/1104/specialty/bfec0fc9-83d7-4453-a815-32d3513aff91.png', '婺源绿茶，简称“婺绿”，为全国六种名茶“绝品”之一，历史悠久，明清时代，曾列为向朝廷进献的“贡茶”。婺源绿茶历史悠久，唐代著名茶叶专家陆羽在《茶经》中就有“歙州茶生于婺源山谷”的记载。\r\n《宋史---食货》婺源的谢源茶列。婺源县地处赣东北山区，为怀玉山脉和黄山山脉环抱，地势高峻，峰峦耸立，山青水秀，土壤肥沃，气候温和，雨量充沛，终年云雾缭绕，最适宜栽培茶树。这里“绿丛遍山野，户户有香茶”，是中国著名的绿茶产区。\r\n  婺源茶叶，品种繁多，质量上乘。著名品种有“上梅州”、“大叶种”、“小叶种”、“圆叶种”、“长叶种”等等。\r\n\r\n叶质柔软，持嫩性好，芽肥叶厚，有效成分高，宜制优质绿茶。选用“上梅州”良种茶叶为原料，精心制作而成的“茗眉”茶，香气清高持久，有兰花之香，滋味醇 厚鲜爽，汤色碧绿澄明，芽叶柔嫩黄绿，条索紧细纤秀，锋毫显露，色泽翠绿光润。', '562', '1');
INSERT INTO `specialty` VALUES ('26', '1104', '2', '江湾雪梨', '7.00', 'area/1104/specialty/c57e138f-c1fd-4260-9d40-3d78f412f0f7.png', 'area/1104/specialty/48fd5f87-d9d2-42ef-939d-dbe6a1092b02.png', 'area/1104/specialty/64eceb91-ac5d-409c-afcb-9017bb9a4ecc.png', '简介\r\n\r\n江湾雪梨，是婺源的传统特产，历史悠久。品种有“六月雪”、“西降坞”、“白梨” 、“苏梨”、“马铃梨” 等，龙以“西降坞”梨为上品。 以个大皮薄、肉厚核小、松脆化渣而著名，一般是果重300－400克，最大800克，果实阔瓢形，果皮绿色套袋后呈白色，富含多种氨在酸、维生素及矿物质，色香味形俱佳，并具有明显的生津、止咳、滋阴润肺，退热消喘等医疗保健功效。\r\n历史文化\r\n\r\n据《婺源县志》载：“明代，婺人从歙县丁字桥引进梨苗与当地野生棠梨嫁接，并以杮油渍纸套袋，成熟时果实雪白，故谓之雪梨”，历史上曾一度作为贡品，颇负盛名，民间还常作为中秋佳节馈赠亲朋好友的上等礼品。', '566', '1');
INSERT INTO `specialty` VALUES ('27', '1104', '2', '荷包红鲤鱼', '23.00', 'area/1104/specialty/ed1eac79-386f-4c92-91c7-d328f28af16e.png', 'area/1104/specialty/5ab2f74e-0cf5-47ac-bcd1-890eaaa7205d.png', 'area/1104/specialty/2eb08c16-af65-492a-a9b5-44c931b2a04d.png', '简介\r\n\r\n荷包红鲤鱼，产于江西省婺源县，是当地独有的传统养殖鱼类，据《徽州府志》载已有三百多年的养殖历史，因色泽鲜红、头小尾短、背高体宽、背部隆起、腹部肥大、形似荷包而得名。 荷包红鲤和婺源绿茶、龙尾砚（歙砚）、江湾雪梨一起被称为“婺源四色”，与兴国红鲤、玻璃红鲤并列为“江西三红”。\r\n历史文化\r\n\r\n据史料记载，明朝万历年间，时任户部右侍郎、总理漕储的婺源人余懋学（死后追封为工部尚书）将荷包红鲤献给明神宗，以示家乡“物华天宝”。明神宗目睹荷包红鲤雍容华贵之体态，鲜妍吉庆之色彩而龙颜大悦，称之为“圣鱼”，奉养于故宫御范池中，使之得以“长伴君侧”。 婺源籍户部尚书余樊学告老还乡，将皇帝御赐的红鲤鱼带回放养，后逐步繁殖，流传民间。荷包红鲤鱼不仅肉质肥美，营养丰富，且具药用价值。清《医林篡要探源》称其“安妊孕，好颜色，止咳逆，疗脚气，消水肿，治黄疸……”，具有和脾、滋肝、补心的功能。 婺源县于1958年成立了荷包红鲤鱼研究所，搜集种鱼17条，经20多年的系统选育、7代提纯复壮，培养出“荷源鲤”、“芙蓉鲤”等优良品种。1980年通过鉴定，成为中国第一个人工选育淡水养殖的优良鱼种，并按照无公害模式进行养殖。', '451', '1');
INSERT INTO `specialty` VALUES ('28', '1104', '2', '横峰葛', '7.00', 'area/1104/specialty/a0c4706d-3375-46e8-9437-b42511fac716.png', 'area/1104/specialty/8b25baa4-4e2b-418d-82a3-1acd7e86154e.png', 'area/1104/specialty/a4fdeb16-0fa4-418d-aa6a-69afceb01c15.png', '简介\r\n\r\n横峰葛，是江西省横峰县特产中药材。横峰县葛生产加工始于晋代，历史悠久。横峰葛源葛粉因品质优良、清热降火、生津解酒功效显著而闻名遐迩。宋朝以来葛粉一直是横峰进贡朝庭的珍品，尤以明、清为盛。 葛，也称野葛，属于多年生豆科藤本植物，原生长于高山野地。别名鹿藿、黄斤、鸡齐，多年生野外豆科藤本植物，药、食两用，盛产于江西省横峰县葛源镇山区。葛源之葛，由于生长环境独特，品质最佳，闻名于世。 葛具有极高的营养价值、医药价值，在我国素有“南葛北参”之美称。葛花，紫红色，葛谷，形如豆荚，均是理想的解酒之药。葛叶，富含蛋白质，可做中药材，也是上等的畜禽饲料。葛藤，既可编篮做绳、纺纱织布，又可做中药材。葛根，形肥大，味甘辛,平,无毒，提制淀粉供食用，也做药用。\r\n历史文化\r\n\r\n在“中国葛之乡”横峰，葛根加工史最早可溯源至西晋。西晋著名的道学家、药物学家葛玄云游至横峰县北部山区，在一处环境优美且物产丰富的盆地驻足，发现满山遍野分布着一种植物，这种植物生命力很强，根茎可以食用，又可以入药，还可以用于浣纱、酿酒，便一边炼丹采药，一边研究这种植物的根、藤、叶、花等食用和药用价值，后来他便以自己的姓氏将之命名为“葛”。由于葛的药用价值给当地的经济带来很在的影响，后人便称葛玄洗葛之溪称为“葛溪”，取此地名为葛源，后葛源凭葛而闻名遐迩。', '438', '1');
INSERT INTO `specialty` VALUES ('29', '1104', '1', '万年贡米', '67.00', 'area/1104/specialty/7f8b51d7-92ab-4e61-91d4-9f22a34c7180.png', 'area/1104/specialty/cf598b2b-0b2e-49b2-a75a-f335b820f5ba.png', 'area/1104/specialty/cec4db86-0f22-40fc-b868-075bd3279608.png', '简介\r\n\r\n万年贡米，原产于江西万年县裴梅镇东南部山区荷桥龙港一带，距今已有1000多年种植历史，属野生稻，一年栽一季，全生育期175天。因只有龙港荷桥两村特定的山区水田种植出来才是真正的万年贡米，因此产量稀少，但米质独特，杂交水稻之父袁隆平曾来实地考察过。万年贡米颗粒大，体细长，颗形如梭，米色似玉。用其做饭，质软不腻，味道浓香；以贡米为原料酿酒，浓而不烈。其米、其酒都品质优良，别具风味。 食材特点：万年贡米，吸取四季清泉，根植水土特异，营养丰富，颗粒大，体细长，颗形如梭，米色似玉。用其做饭，质软不腻，味道浓香；以万年贡米为原料酿酒，浓而不烈。其米、其酒都品质优良，别具风味。誉盖五谷之首。经测定，万年贡米蛋白质含量比普通大米高1-2倍，且含丰富的维生素B族和一定数量的微量元素，堪称米中珍品。\r\n历史文化\r\n\r\n相传，早在南北朝时期（公元420-589年），皇帝南巡，途中梦见江南有“千斤冬瓜，寸长大米”，便差人到南方查访。当差人查访至江西万年县（明置县）荷桥、尤港一带时，果然在野生稻谷中发现有“三寸粒”稻米，而且米质非同一般，便速回朝呈报皇帝。皇帝听后大喜，当即传旨江西荷桥、尤港“代代耕食，岁岁纳贡”。', '578', '1');
INSERT INTO `specialty` VALUES ('30', '1104', '1', '上饶白眉', '134.00', 'area/1104/specialty/7025c8ad-2979-4f92-9ecc-ad396a809630.png', 'area/1104/specialty/56dfdefa-f7df-42a7-80ba-2432f99cefed.png', 'area/1104/specialty/6bbbb134-fd7b-40eb-8a64-240369746b30.png', '简介\r\n\r\n是江西省上饶县创制的特种绿，它满披白毫，外观雪白，外形恰如老寿星的眉毛，故而得此美名。其鲜叶采自大面白茶树品种。白眉茶外形壮实，条索匀直，白毫特多，色泽绿润，香气清高；滋味鲜浓，叶底嫩绿，由于鲜叶嫩度不同，白眉茶分为银毫，毛尖和翠峰三个花色。各具风格，品质皆优，总称上饶白眉。 上饶白眉总的特征：外形壮实，条索匀直，白毫满披，色泽绿润，香高持久，滋味鲜浓，汤色明亮，叶底嫩绿，品质极佳，为绿茶珍品，由于鲜叶嫩度不同，加工的白眉可分为白眉银毫、白眉毛尖、白眉翠峰。品质除具有共同特点外，各具独特风格。白眉银毫为一芽一叶初展加工，近似银针，外形雪白，香气清高具有浓厚的熟栗香，味鲜美回甜，茶叶沏泡杯中，朵朵茶芽犹如雀舌，婷婷玉立。白眉毛尖，芽叶肥壮，白毫显露，香高持久，滋味鲜醇。白眉翠峰，外形半实多毫，滋味鲜爽浓厚，汤色碧绿清澈。\r\n历史文化\r\n\r\n上饶县产茶历史悠久。唐代诗人孟郊在《题陆鸿渐上饶新开山舍》一诗中说：“惊彼武陵状，移归此岩边；开亭拟贮云，凿石先得泉”。说明茶圣陆羽曾在上饶建屋居祝据明代《广信府志》记载，陆羽的山居，就筑在上饶城北的茶山寺。其凿石开出的泉水，后人称之为陆羽泉，“以土色赤，又名胭脂井”；其所建小亭，名为“观泉亭”。', '456', '1');
INSERT INTO `specialty` VALUES ('31', '1105', '1', '靖安白茶', '230.00', 'area/1105/specialty/e144a09f-4f00-4773-884d-82f8c6fdccf5.png', 'area/1105/specialty/ee435faa-ed10-402b-bdb4-1a964febe0d3.png', 'area/1105/specialty/67ed936e-0538-426c-9254-e68ff168bf53.png', '靖安县鑫农茶厂参评的“霞峰山”牌靖安白茶以“味甜香浓、色泽白嫩、汤色明亮、外形匀整”等特点荣获金奖。这是靖安白茶在参加各种国际国内名优茶评比活动中又一次获殊荣。\r\n\r\n　　白茶原属深山野生异型茶株，它不仅珍稀、营养丰富，而且市场价格非常高。靖安县森林覆盖率高达82%以上，冬季低温时间长，空气相对湿度78%，直射的蓝紫光较少，土壤富含微量元素，这些特定的条件为靖安白茶返白过程和物质代谢提供了独特的生态环境，有利于靖安白茶中氨基酸等氮化合物及营养物质的形成和积累，为靖安白茶香浓味鲜的品质奠定基础。\r\n\r\n　　经过该县农业科研人员10余年的刻苦攻关和精心培育，终于使白茶在靖安开花结果，成为该县的富民产业之一。短短3年时间，该县开发白茶万余亩，苗木基地3个，科技示范基地4个。同时被列为“江西省白茶产业化县”，“江西省白茶苗木基地县”。靖安白茶先后在2006年第三届中国国际茶博会、第六届国际名茶评比，2007年江西婺源首届茶博会，2008年第七届国际名茶评比，2009年-上海国际茶文化节“中国名茶”评选、第二届江西省茶博会上荣获金奖。靖安白茶已成为该县农业产业结构调整中逐步发展壮大的一个独具地方特色的朝阳产业。\r\n\r\n　　 白茶是绿茶中的珍稀品种，须在特定优越的生态环境中才可生长,对生态条件要求严格,其成品茶多为二叶一芯嫩芽，在春季发芽时，新梢嫩叶的叶色呈可逆性白化现象，满披白毫，外形条素天然，色为玉霜，光亮油润，肉质自然展开颇具高雅特色。其氨基酸含量是高档绿茶的6-8倍，对人体具有清肝明目、补肾、增白、抗衰老和抗癌等效果，倍受人们喜爱。经专家实地考证,靖安三爪仑国家森林公园内有着得天独厚的白茶生长环境,目前已开发优质白茶生产基地一万余亩。', '342', '1');
INSERT INTO `specialty` VALUES ('32', '1105', '2', '奉新猕猴桃', '35.00', 'area/1105/specialty/6779f164-1467-4604-ab3d-057e93ef4fd6.png', 'area/1105/specialty/f087d1ae-f9b2-40c3-9fe0-f9d3a037926f.png', 'area/1105/specialty/263d2e9f-7259-4ea1-9bc0-13545ccbf370.png', '奉新猕猴桃为农产品地理标志产品。\r\n　　奉新，座落在江西省西北部，距省会南昌仅63公里。这里山清水秀，自然条件优越，素有\"仙源灵境\"的美称。独特的水、土、光、肥等自然条件为猕猴桃生长营造了得天独厚的生态环境，成就了全国最大的集中连片中华猕猴桃商品基地。1978年，奉新县对猕猴桃的良种选育、人工栽培及加工等进行了科研攻关，选育出了\"早鲜\"(采摘期8月下旬—9月上旬)、\"魁蜜\"(采摘期9月中旬—10月上旬)、\"金丰\"(采摘期9月下旬—10月上旬)三个中华猕猴桃品种，赢得了\"中华猕猴桃故乡\"的美誉。近年来又引进了美味系列品种\"金魁\"(采摘期11月上旬)。全县现有猕猴桃种植面积3万亩，万亩集中连片猕猴桃基地1个，千亩基地5个，百亩基地20多个，2001年产量达4000万斤以上，2002年产量可达6000万斤。\r\n\r\n　　由国家环保总局有机食品发展中心（ofdc）通过近三年的考察和认证工作，在江西省奉新县果业局和基地猕猴桃协会成员的共同努力下，江西省奉新县124.4亩优质猕猴桃基地，经过三年的艰苦奋斗，其基地的有机转换工作达到了国家环保总有机食品发展中心认可，基地完全按照有机食品发展中心的各项规定，严格按国际上有机食品生产转换要求，经检验生产中的各种定量定性指标均达到ofdc的规定要求，近期（2003）经国家环保总局有机食品发展中心确认和认证，按要求颁发了（ofdc）有机农场转换证书。\r\n\r\n　　该基地距离县城8公里，紧傍省道两侧，生态优良,土壤适宜，交通便利。从96年开始建设至今，果园面积已达10000多亩。早鲜、魁蜜、金丰三个中华猕猴桃品种占60%,其中魁蜜等品种具有绒毛少、出汁高、香味浓、果肉金黄等特点，是加工的优良品种。从湖北农科院引进的综合性能优良的美味系列品种\"金魁\"占40%,该品种经上海农学院\"上海猕猴桃栽培优良品种选育研究课题组\"选优结果表明，其突出的特点是糖度高、风味浓、耐贮藏(可贮藏至翌年3月),其可溶性固形物含量为人工栽培品种最高，特别适合消费者的口味。\r\n\r\n　　在生产管理上，奉新县狠抓了深施重施农家有机肥，增加土壤有机质，使猕猴桃成为真正的\"营养金矿\"；建立了严格的质量认证监控体系，按照有机农业生产要求，禁止使用化学肥料，化学农药、化学除草剂和激素；狠抓了采摘时间、采收方法、分级包装和冷藏保鲜四个环节的科学管理，严禁次品果入市，确保果品风味纯正，使\"VC之冠，水果之王\"的猕猴桃成为名符其实的绿色食品。奉新县猕猴桃产业有机食品申报工作正在进行，前期准备工作已完成，年底有望获得有机转换证。\r\n\r\n　　奉新县热忱欢迎客商到奉新县独资或合作兴办猕猴桃基地和深加工企业及贩运猕猴桃鲜果，奉新县将确保优质猕猴桃鲜果的供应并提供各种便利。\r\n\r\n　　国家林业局公布的第三批中国名特优经济林之乡名单中，奉新县被命名为中国猕猴桃之乡。\r\n\r\n　　地域范围\r\n\r\n　　奉新东与安义交界，南与高安接壤，西与宜丰、修水毗邻，北与靖安相连。奉新猕猴桃地域保护范围为赤岸镇、澡下镇、会埠镇、罗市镇、上富镇、澡溪乡、仰山乡、甘坊镇、柳溪乡、石溪办事处、百丈山管委会、东垦场共12个乡（镇、场），保护范围位于东经114045\'28〞—115033\'55〞、北纬28034\'45〞—28052\'16〞之间。保护面积5000公顷，年产量8万吨。\r\n\r\n　　产品品质特性特征\r\n\r\n　　1、外在感官特征：奉新猕猴桃果实中等大小（单果重80克—110克），果面茸毛少，果皮浅褐至褐色，果实椭圆形至2、内在品质指标：可溶性固形物17%—21%，总酸≤1.3%，粗纤维0.4%—0.7%，维生素C 90毫克/100克—160毫克/100克。 3、安全要求： 奉新猕猴桃质量安全符合GB2762-2012《食品安全国家标准食品中污染物限量》和GB 2763-2014《食品安全国家标准食品中农药最大残留限量》的要求。', '564', '1');
INSERT INTO `specialty` VALUES ('33', '1105', '1', '宜春苎麻', '8.00', 'area/1105/specialty/072b39ca-4642-4f67-8596-eba9de3e6355.png', 'area/1105/specialty/727e2a8a-7f93-4cc4-8e9e-327c5d52c88f.png', 'area/1105/specialty/29467185-c3dd-4c75-9187-3f48b5c7a67c.png', '宜春苎麻为农产品地理标志产品。\r\n　　中国麻纺行业协会授予我市“中国苎麻历史名城”称号，使我市成为全国第一个获此殊荣的城市。同时，我市江西井竹实业有限公司被授予“中国苎麻袜生产基地”和“中国苎麻文化博物馆”称号。\r\n\r\n　　苎麻俗称“中国草”，其纤维是一种优质的天然纤维。苎麻纺织品具有导汗、透湿、快干、抗菌、穿着凉爽舒适等特点。宜春苎麻的种植和生产有2600多年的历史，袁州区的夏布（以苎麻为主要原料）以“柔软润滑，平如水镜，轻如罗绡”饮誉海内外，是全国著名的“夏布之乡”。\r\n\r\n　　近年来，我市高度重视苎麻产业的发展。目前，全市苎麻种植面积达5万亩，有苎麻加工企业51家，行业从业人员20余万人。“中国苎麻历史名城”这一金字招牌，对进一步推动我市苎麻产业种植基地化、生产规模化、产品高端化、市场多元化，提高农民收入、打响苎麻品牌具有积极作用。\r\n\r\n　　宜春苎麻 种植（棉麻蚕桑）\r\n\r\n　　地域范围\r\n\r\n　　宜春西与萍乡市交界，北与湖南浏阳接壤，南与吉安市的安福县相邻。宜春苎麻地域保护范围包括袁州区的金瑞镇、三阳镇、慈化镇、天台镇、洪塘镇、渥江镇、竹亭镇、水江镇、楠木乡、辽市镇、寨下镇、芦村镇、柏木乡、湖田镇、新田镇、西村镇、新坊镇、南庙镇、彬江镇、洪江乡、温汤镇、飞剑潭乡18个镇4个乡；万载县的株潭镇、黄茅镇、潭埠镇、双桥镇、高村镇、罗城镇 、三兴镇、鹅峰乡、马步乡、高城镇、赤兴乡、岭东乡、白水乡、仙源乡、白良镇、茭湖乡9镇7乡；上高县的田心镇、翰堂镇、泗溪镇、徐家渡镇、新界埠镇、蒙山镇、南港镇、芦洲乡、锦江镇、野市乡、塔下乡、镇渡乡、敖山镇、墨山乡9镇5乡；以及宜丰县的石市镇等共53个乡（镇）。保护范围位于东经113°53′04〞—115°02′14〞，北纬27°48′38〞—28°06′03〞之间。保护面积5000公顷，年产量11250吨。\r\n\r\n　　产品品质特性特征\r\n\r\n　　1、外在感观特征：宜春苎麻属多年生、丛生型、株高150㎝－250㎝、茎粗0.8㎝－1.30㎝、鲜皮厚0.75㎜－0.90㎜；茎杆有绒毛、富弹性、抗倒性强、工艺成熟期茎杆黄褐色，麻骨绿白色；叶片近圆形，绿色，叶背有白色毡毛。鲜麻淡清香、果绿色。原麻刮制质量上乘，青白色，手感柔软且富有弹性，不皱不缩，斑疵少，锈脚短，无麻骨麻壳附着。 2、内在品质指标：原麻纤维支数1900m/g－2450m/g，单纤维强力28cN－3０cN， 含胶率26%－32%。 3、质量安全要求：产品质量符合GB/T7699《苎麻》的规定要求。', '552', '1');
INSERT INTO `specialty` VALUES ('34', '1105', '2', '宜春扎粉', '4.00', 'area/1105/specialty/03247e1c-a0b6-4ae7-8c1c-978c56ac0d88.png', 'area/1105/specialty/f9da19f9-3bf2-496d-a3bb-b60cfd9fd047.png', 'area/1105/specialty/c3f7d55a-f18d-4fed-8e56-50150f72c31b.png', '宜春扎粉，是江西省著名的小吃，以色白如银，条索柔韧，入口爽滑著称。手工扎粉生产可上溯至明朝，可谓历史悠久。说起扎粉，许多去过宜春的人都吃过，南方富庶的鱼米之乡，自古以来就有将富余的米做成米粉的传统。\r\n晚米收割上来之后，经过浸米、磨浆、滤干、采浆等工序，做成一摞一摞干的米粉，晒干后的米粉捆扎成一扎扎，故称扎粉，这样也方便了携带。干的米粉煮后，沥干变成湿的米粉，就可以开始了第二轮的加工，而炒扎粉最为风行。\r\n炒扎粉前，将干扎粉用温水浸发至手捏不易断，抓一把竖起来不易软倒为止。然后，洗清沥干待用。铺料有瘦肉丝、不白菜、嫩蒜苗，均切成寸长段。火候要适中，将猪油烧至六成热时，倒入肉丝煸炒，依次加入肉丝、蒜苗、小白菜，再加入少许汤料、酱油、红椒末，成金黄色后，再放进扎粉拌炒。最后放入姜丝、胡椒粉、味精，浇上少许香油拌匀起锅。家乡的扎粉，炒法看似简单，但其水土所孕育出的独特的韧性和香气，却是其它的米粉所绝不能有的。\r\n扎粉已经成了宜春小吃的一部分，家乡人食之，好之，习之，那从滋滋的锅里冒出的香气，不知让多少飘泊异乡的游子千万次梦回乡里，思之，念之，心向往之。', '453', '1');
INSERT INTO `specialty` VALUES ('35', '1105', '2', '冻米糖', '7.00', 'area/1105/specialty/5fc6a652-6eb3-4e36-8799-2ba704c221de.png', 'area/1105/specialty/13ac089d-ab79-4926-a0ee-291a3c4a5983.png', 'area/1105/specialty/2b7abcfc-90a4-415e-b134-5dd9ad4b6dbf.png', '每年中秋一过，农村家家户户把糯米饭凉干，炒成爆花米，用米糖拌粘，切成块块，待客解茶。这种糕点叫做\"炒米糖\"、\"米花糖块\"。更讲究者，用上等糯米饭做成冻米\"干饭\"，再用清茶油煎泡\"干饭\"，使\"干饭，变成爆花米，再用饴糖粘结，冷却后用薄刀切成小块，前后经过半成品和成品共20个工序加工而成，俗称\"小切\"。解放初，改名为\"冻米糖\"、丰城冻米糖自农历八月十六日上市，到次年二、三月为止，一直行销本省及泸、港、南洋，是茶会中的应时细点，又是旧历年间拜年送礼的佳品。\r\n  据1949年2月4日《民国日报》载:\"丰城冻米糖自农历八月十六日上市至二、三月为止，一直行销本省及沪、港一带，是茶会中的应时细点，又是旧时拜年送礼的佳品。\"\r\n\r\n丰城冻米糖是江西名产和国家优质食品。2003年，已向美国纽约出口\"蔬菜型\"、\"黑芝麻型\"、\"桂花型\"等七个品种5000箱(件)，创外汇5万多美元。\r\n\r\n在中国，春节前，农村里有切糖制作冻米糖的风俗。传说此俗已流传了近千年，至今仍在延续着。 冻米糖是将上乘糯米蒸熟后放在露天晒、冻，然后下锅炒，使之膨化，再拌和白糖、饴糖做成。然后用刀切出一片片印痕，食用时用手分片即可。制作再讲究些的可加上红、绿米和桂花、芝麻、桔片米等天然香料，做成色、香、味俱全的糕点。\r\n\r\n每年中秋一过，农村家家户户把糯米饭凉干，炒成爆花米，用米糖拌粘，切成块块，待客解茶。这种糕点叫做\"炒米糖\"、\"米花糖块\"。更讲究者，用上等糯米饭做成冻米\"干饭\"，再用清茶油煎泡\"干饭\"，使干饭，变成爆花米，再用饴糖粘结，冷却后用薄刀切成小块，前后经过半成品和成品共20个工序加工而成，俗称\"小切\"。', '556', '1');
INSERT INTO `specialty` VALUES ('36', '1105', '1', '上高紫皮大蒜', '6.00', 'area/1105/specialty/3fbf383e-ea8e-4eaa-b853-d04b8b007beb.png', 'area/1105/specialty/779b2014-f049-417c-8d7d-1dbd62ed5358.png', 'area/1105/specialty/327a193d-9d2f-4913-9a36-ab213b6de3c5.png', '上高紫皮大蒜为农产品地理标志产品。\r\n　　类别：蔬菜 产品名称：上高紫皮大蒜 登记证书编号:AGI01111 农业部公告号/时间:第1925号(2013.4.15) 人文历史简介 上高紫皮大蒜是上高传统的优良地方品种，种植历史悠久，清康熙《上高县志》有大蒜种植的记载。1937年《江西农业统计》“上高种植大蒜500亩，总产蒜头7500担。”1985年生产面积达到了644公顷，总产大蒜头1620吨。早在清同治四年（1858年），上高就开始从事商品大蒜生产，所生产的大蒜主要有新余、樟树、丰城、高安等地客户上门采购。而且上高紫皮大蒜获得国家农产品地理标志登记后，品牌知名度和产品附加值明显提升，无论青蒜还是蒜籽平均高出同类大蒜1.5元/斤，直接带动蒜农亩增收1200多元。据统计，上高紫皮大蒜年产值6825万元，其产品远销南昌、上海等大中城市，且供不应求，发展潜力巨大。\r\n\r\n　　上高县的紫皮大蒜是江西省的名产。上高大蒜有独特的风味，浓香清甜，辛辣而不刺舌，捣碎成汁，呈粘液状，久放也不变馊。有强烈的杀菌功效，是美味佳肴中极好的调味品。\r\n\r\n　　上高县紫皮大蒜在全省乃至全国久负盛名，早在康熙年间就有记载。其鳞茎扁园紫红色，具有瓣大蒜薄，叶肉肥厚，纤维少，浓香清甜，有特殊的辛辣味的特点。\r\n\r\n　　上高县主要品种有上高紫皮大蒜，四川二水早等品种。其中上高紫皮大蒜是上高的名特优产品，其鳞茎扁园紫红色，具有瓣大蒜薄，叶肉肥厚，纤维少，汁液粘滑，味香浓郁，有特殊的辛辣味，可增进食欲，并有抑菌和杀菌作用。全县种植面积达3万亩，产蒜籽12000吨，产蒜苔6000吨。\r\n\r\n　　上高县绿野紫皮大蒜专业合作社申报的“上高紫皮大蒜”通过农业部农产品质量安全中心审查和组织专家评审，实施国家农产品地理标志登记保护。\r\n\r\n　　地域范围\r\n\r\n　　上高位于江西西北部，锦江中游。上高紫皮大蒜地域保护范围包括塔下乡、蒙山乡、芦洲乡、南港镇、翰堂镇、上甘山林场6个乡镇（场）；保护范围为东经114°48′46″—115°00′00″，北纬28°07′30″—28°07′32″之间。保护面积2000公顷，年产量9750吨。\r\n\r\n　　产品品质特性特征\r\n\r\n　　1、外在感官特性：上高紫皮大蒜，其鳞茎呈扁圆形或短圆锥形，球茎3cm左右。外面有紫红色膜质鳞皮，剥去鳞叶，内有6—10个蒜瓣，蒜瓣紧凑，叶肉肥厚，纤维少，汁液粘滑，味香浓郁，口感爽脆，辛辣而不刺舌。 2、内在品质指标：上高紫皮大蒜含17种氨基酸总量4.50g/100g—4.90g/100g，粗纤维0.56%—0.60%，蛋白质6.2%—6.8%，维生素C 6.95mg/100g—7.15mg/100g，磷0.11%—0.15%，钾0.38%—0.44%。 3、质量安全要求： ①产地环境质量符合《无公害食品 蔬菜产地环境条件》（NY5010—2002）要求。 ②产品质量符合《无公害食品 蒜类蔬菜》（NY5001—2007）要求。', '561', '1');
INSERT INTO `specialty` VALUES ('37', '1106', '2', '安福火腿', '56.00', 'area/1106/specialty/cb99449f-5db6-40f3-b2f8-c59fcb091f62.png', 'area/1106/specialty/7f1b2dc2-ba85-4a64-b2ee-b48a5525cd39.png', 'area/1106/specialty/d855ecd8-9d93-48fc-a260-c0633a4386a9.png', '　产地：中国江西安福。\r\n\r\n　　特点：其形如柳叶，脚蹄短小，腿身饱满，皮薄肉嫩，精多肥少，色红味香，经久不变质。 只要保管得当，存放二、三年仍色味如初，精肉鲜红似火，肥肉洁白晶莹，是烹制 佳肴的上乘原料。而且含有的蛋白质、脂肪、钙、铁及多种氨基酸等营养成分，既 是补益身体的营养食品，也是赠送亲友的上等礼物。\r\n\r\n　　工艺：安福火腿选料讲究，加工精细。腿料选自本县东北一带农村饲养的一种“安福米猪”。 这种猪体形小，饲养期短，骨细肉嫩，适宜腌制火腿。收购时，严格按照 标准规格 验收，对公猪、母猪、病残猪之腿一律不用。加工时，首先把住季节关，“立冬”开 始收腿，“立春”结束，其它季节，概不加工。其次是加工工艺上，清腿、配料、入 盐、磨皮、打签、入缸、翻缸、出缸、发酵、洗晒、发酵、贮存等工艺方面，安福 火腿还有独到的工夫，保证了产品的风味特色。 名称：清炖荷包红鲤鱼 产地：中国江西。\r\n\r\n　　历史：清炖荷包红鲤鱼，是婺源县闻名全国的“池中芳贵，席上佳肴”。据有关方面考察，这种鱼原是明代宫中的观赏鱼，神宗皇帝朱翊钧在位时，祖籍婺源沱川的户部尚书余懋学告老回乡，神宗御赐鲜鱼一对。尚书遂将鱼投入池中，以后衍生繁殖，世代延传，由于这种鱼背宽、头小、尾短、腹部肥大，放在桌上似荷包，故名。据《微州府志》载，荷包红鲤鱼在婺源养殖三百多年的历史。1979年荷 包红鲤鱼被列为全国鲤鱼良种。该鱼形雅、色美、肉嫩、味鲜、营养丰富。清炖“荷包红鲤鱼”一菜，盛名江西。 特点：用荷包鲤鱼炖制而成。成菜肉质细嫩，汤清而粘唇，味醇鲜美。 工艺：将鱼宰杀，去鳞除鳃，取出内脏洗净。将鱼放在盘中，加笋片、火腿片、精盐、味精、葱、姜、酒，入锅清炖至熟，淋上猪油少许即成。', '445', '1');
INSERT INTO `specialty` VALUES ('38', '1106', '2', '井冈豆皮王', '23.00', 'area/1106/specialty/d064b00b-915e-4ddb-b5c8-3c54eafeb1ec.png', 'area/1106/specialty/a54563f6-7602-42c5-8848-ee11aceeff4d.png', 'area/1106/specialty/6bdf24ad-ab1c-4bde-a4fb-adf819470641.png', '嘎格耶”豆皮王产自遂川县西溪乡，它以井冈天然山泉和当地优质黄豆为原料，经多道独特传统工艺精心制作而成。明时，豆皮列为贡品，盛名于世。它之所以品质超群，特色鲜明，一是遂川县西溪乡的山泉源于五指峰，终年水清如镜，富含矿物质，内聚力强，是豆皮最理想的制作用水；二是工艺独特，在西溪乡，制作豆皮的绝活--“三口风”从不外传，仍沿袭“父传子，兄传弟”的传统，且一代更比一代强。\r\n\r\n　　“嘎格耶”豆皮王不含任何添加剂，形如卷叶，薄如蝉翼，润滑白净，味道鲜美，蛋白质含量高达48—54%，相当于瘦猪肉、牛肉的1—2倍，且各种氨基酸齐全，有健脾宽中，润燥祛火，止咳化痰的食用效果。数百年来，一直被当地山民作为馈赠亲友、病人康复、产妇滋补的首选佳品。\r\n\r\n　　', '436', '1');
INSERT INTO `specialty` VALUES ('39', '1106', '2', '井冈山烟笋', '56.00', 'area/1106/specialty/8e72d950-f86b-45b7-bcff-68525839b4ac.png', 'area/1106/specialty/931db8d2-55eb-44de-97a3-af5bc60b8bc2.png', 'area/1106/specialty/9eb98edb-7fe1-4c6f-a3d6-ccc2688d7ea9.png', '　井冈山烟笋是江西省吉安市井冈山市的特产。烟笋受人青睐，“美味”只是原因之一，“健康”则是原因之二： 烟笋富含的长纤维对人类的肠胃内壁具有极好的“清扫”功能，是消化道的优秀“清道夫”，长期时用烟笋 ，对减少肠胃癌症的发病率具有明显的作用。\r\n\r\n　　八百里井冈山，素有“革命摇篮”红色美誉，同时又是闻名中华的天然竹林氧吧。这里盛产竹笋，而烟笋则是其中最具代表性的竹味珍馐，被誉为“竹1参”。井冈山竹林广袤，竹笋丰富。新鲜竹笋有一股浓烈山土气味，尤其山里空气湿度大，保鲜期短，为了不让竹笋失其山里原生态味道，聪慧的井冈山人便将新鲜竹笋用烟熏火烤。鲜嫩爽脆的一棵棵大竹笋被采集到一起，将笋箨一层一层剥去后用清澈甘润的井冈山泉水煮软，再用木炭文火焙烤至干，熏制成黑褐色的笋干。\r\n\r\n　　烟熏火烤后的笋干看起来黑不溜秋，吃起来则更香更鲜，这样做不仅仅是为了便于储存和运输，更主要是因为经过这些工序加工而成的笋干具备了一种独有的大山原生态灵韵，令人一尝就能味觉出深山竹海里的苍翠风味。', '456', '1');
INSERT INTO `specialty` VALUES ('40', '1107', '2', '南丰蜜桔', '13.00', 'area/1107/specialty/332bf950-d9ac-47f1-bbf3-739aa1011497.png', 'area/1107/specialty/1d09def2-d18a-4ef5-a4b4-5bac8a6edcfd.png', 'area/1107/specialty/faf045ae-872b-4c8d-a337-0668b7bb65b9.png', '南丰蜜桔为我国古老柑桔的优良品种之一，是江西省的名贵特产之一。历史上就以果色金黄、皮薄肉嫩、食不存渣、风味浓甜、芳香扑鼻而闻名中外。据古籍《禹贡》记载，早在两千多年以前，南丰一带所产的柑桔，就已列为“贡品”。唐宋八大家之一，南丰籍的曾巩，曾写诗赞美家乡的柑桔：“鲜明百数见秋实，错缀众叶倾霜柯。翠羽流苏出天仗，黄金戏球相荡摩。入苞岂数桔柚贱，宅鼎始足盐梅和。江湖苦遭俗眼慢，禁御尚觉凡木多。谁能出口献天子，一致大树凌沧波。”由此可见，当时蜜桔已能献给天子，故南丰蜜桔又有“贡桔”的美誉。在中外友好交往中，曾被斯大林同志誉为“桔中之王”。\r\n\r\n　　200多年前，南丰蜜桔就已开始专业化生产了。清朝鲁琪光在《南丰风俗物产志》记载：“蜜桔，四方知名。秋末，篱落丹碧累累。闽广所产逊其甘芳。近城水南杨梅村人，不事农功，专以为业。”随着社会的发展，蜜桔生产现已实现科学育种栽培。南丰蜜桔食用价值和药用价值都很高，全身都是宝。鲜果营养丰富，在100毫升果汁中含糖11.3克，柠檬酸约1克，维生素C19.5毫克，溶性固性物14%(主要是糖、氨基酸、磷、铁、钙等元素)。桔皮有理气健脾、祛湿化痰的作用；桔络有通络舒筋、顺气活血的功效；桔核能理气、散结、止痛。南丰蜜桔还可以作为加工业的原料，如用桔皮提炼的橙皮甙能制成防治动脉粥样硬化、心肌梗塞的药品；用果肉酿酒、酿醋，制作出蜜桔香槟酒、蜜桔可乐等，具有独特的香味。用桔皮桔花可提炼出天然果胶和香精，安全、广泛地应用于食品工业和医药工业。\r\n\r\n　　南丰蜜桔源出乳桔。南丰县四周环山，地处洪州(今南昌)以南，冬季比洪州暖，夏季比洪州凉，适宜乳桔生长。唐代开元以前，距今已有1300多年，乳桔落户南丰，由于获得优异的生态条件，很快就成为农家主要果树栽培品种。经过长期繁育，虽出自乳桔，却具有新的性状，味更甜美，高糖低酸，香气浓郁，在桔中独具特色。人们以其味似蜜便称之为“蜜桔”，销往外地冠以产地名称称之为“南丰蜜桔”。唐宋以来，南丰蜜桔均被历代朝廷列为贡品，故有“贡桔”之称。清末民初是南丰蜜桔生产发展的鼎盛时期，最高年产曾达12万担之多。到民国时期，因战乱和灾害的影响，生产由盛趋衰，桔树被大量砍伐，桔园荒芜，产量急剧下降，一般年产只有1—2万担。到建国前夕，南丰蜜桔面积不到3000亩，年产蜜桔17789担。南丰蜜桔栽培地区集中在城区及县城附近的瑶浦、水南、杨梅、茅店等乡村，离城5公里外则少有栽培。建国后，党和人民政府十分重视发展蜜桔生产，采取了一系列行之有效的措施，从政策上、技术上、经济上、管理上帮助和扶持桔农恢复和发展蜜桔生产。', '313', '1');
INSERT INTO `specialty` VALUES ('41', '1107', '2', '临川藕丝', '7.00', 'area/1107/specialty/fafce967-956c-4ba5-be8a-d4b3820d9ac8.png', 'area/1107/specialty/b681584d-9a65-4e5e-987a-a83759f4782f.png', 'area/1107/specialty/5bbbddf7-6b7a-4f59-a641-02e230c0e67a.png', '蒋经国任江西保安司令部督练处处长时，在临川温泉训练新兵。蒋经国初到温泉饭馆吃饭，当地为他上一盘银鱼藕丝。他望着色泽银灰、成粘糊状的藕丝问店老板：“老表，这是什么菜？”“这就是我们临川有名的银鱼藕丝”，老板自豪地答道。蒋经国平日只见藕块藕片，从没见过这等细如发丝、制作精细的藕丝，他夹起一尝，藕质粘滑，味美可口，果真不同凡响。因祖传绝活不以外传，店老板告诉蒋经国：“这就是市上的藕，只是刀工特别一些。”从此，蒋经国经常命自己厨师专做，但总觉得饭馆里的好吃。\r\n\r\n　　 一天，蒋经国心血来潮，又想吃藕丝，命侍从召店老板到督练处为他炒藕丝，并要自己厨师留意绝活。店老板得传后，是又喜又愁，喜的是当今“太子”召自己做菜，不仅脸上风光，店名响亮，利润也会更大；愁的是做这道菜原料讲究，刀工精细，配料种类繁多，手艺人的看家本事上绝不外传的，否则砸了自家的招牌。但不做或做的味道不纯，惹蒋太子生气，那可吃不了兜着走。店老板思量片刻，计上心来，他将生姜、葱白、白醋等调料剁成末，又将店里存有的鸡汤和鸽子汤合二为一，拿来一条新毛巾，将各种调粉末撒在毛巾上，再卷成条状，放在汤里浸透，装在自己平日喝茶的大茶缸里，带着配料，坐上蒋经国派来的专车进了新兵督练处。蒋经国和店老板见面次数多也就很熟了，相互寒喧后就进了厨房，蒋经国的厨师也跟进了厨房。店老板不动声色，先将菜刀磨得飞快，精选几段塘藕，将藕段切成头发丝样嫩细，接着切好肉丝泡好银鱼，将肉丝、银鱼炒得半熟，倒入藕丝边擂边拨边放油，趁对方没注意，店老板拧出毛巾里的汤汁，配上佐料，一会，一盘香喷喷的银鱼炒藕丝端上来，蒋经国品尝后仍赞不绝口，因厨师没看出门道，一做味道又不纯正。打这以后，蒋经国凡要吃炒藕丝就命店老板来，直至出任赣州专员。据说，蒋经国离开温泉后，再没有机会吃上纯正的临川银鱼藕丝，常叹：“药不过樟树不灵，藕丝离开临川不香”。', '456', '1');
INSERT INTO `specialty` VALUES ('42', '1107', '2', '全桔宴', '34.00', 'area/1107/specialty/a427e63e-c46f-44d0-8d5d-f3c071d4f246.png', 'area/1107/specialty/0aa7eb20-308b-40b3-9d70-28c54d4be000.png', 'area/1107/specialty/f049f007-d303-4938-9743-ceeed1508f3b.png', '　南丰蜜桔一身皆是宝，具有润肺、止咳、化痰、健脾、顺气、止渴的功效效，可供作为菜品的部位较多。在地方历久不衰的餐饮文化中，经过不断地研制、改进，形成了独具特色的南丰“全桔宴”。\r\n\r\n　　品尝地址：观必上乐园景区游客服务中心餐饮部\r\n\r\n　　自驾游客路线：济广高速公路南丰出口——环城南路——昌厦公路（南丰方向）——傩乡大道西延线——观必上乐园\r\n\r\n　　动车游客路线：乘5路公交车抵达县城，换乘2路公交车到达\r\n\r\n　　联系电话：0794—7965999\r\n\r\n　　桔韵三彩\r\n\r\n　　主料：桔瓣\r\n\r\n　　辅料：黄瓜、火腿肠\r\n\r\n　　做法：火腿肠、黄瓜切块，加入桔瓣清油小炒\r\n\r\n　　功效：提高免疫力，美容养颜，降低血糖\r\n\r\n　　桔子三元炖乳鸽\r\n\r\n　　主料：乳鸽、桔瓣\r\n\r\n　　辅料：龙眼、红枣、枸杞\r\n\r\n　　做法：小火清蒸三小时以上\r\n\r\n　　功效：益气健脾、补血健胃、醒脑养神、去火御寒\r\n\r\n　　桔乡鱼丝\r\n\r\n　　主料：草鱼肉丝\r\n\r\n　　辅料：桔皮、豆芽、青椒丝、红椒丝、榨菜丝、肉丝\r\n\r\n　　做法：各种原料切丝，清油小炒\r\n\r\n　　功效：理气化痰、健胃除湿\r\n\r\n　　全桔宴\r\n\r\n　　桔汁红松肉排\r\n\r\n　　主料：精瘦猪肉、桔汁\r\n\r\n　　做法：猪肉切块，包裹面粉大火油炸、桔汁勾芡\r\n\r\n　　功效：开胃果脯，桔香四溢\r\n\r\n　　拔丝桔瓣\r\n\r\n　　主料：桔瓣\r\n\r\n　　辅料：白糖、面粉\r\n\r\n　　做法：白糖与面粉按比例调和，包裹桔瓣拔丝\r\n\r\n　　功效：清火润肺、补肾安神\r\n\r\n　　凉拌桔皮\r\n\r\n　　主料：桔皮\r\n\r\n　　辅料：大蒜、麻油、陈醋、青椒\r\n\r\n　　做法：桔皮抄水，加入麻油、陈醋、大蒜等辅料凉拌\r\n\r\n　　功效：清热解毒、化痰止咳\r\n\r\n　　金丝肉丸\r\n\r\n　　主料：猪肉\r\n\r\n　　辅料：咸蛋黄、桔皮\r\n\r\n　　做法：将猪肉碾碎包裹咸蛋黄，撒上紫菜、桔皮大火清蒸\r\n\r\n　　功效：开胃健脾\r\n\r\n　　蜜桔披萨\r\n\r\n　　主料：南丰蜜桔瓣、精品面粉、鸡蛋\r\n\r\n　　辅料：优质火腿肠、精瘦猪肉\r\n\r\n　　做法：面粉与鸡蛋调和制成披萨，撒上火腿肠、桔瓣烤制\r\n\r\n　　功效：健脾养胃\r\n\r\n　　桔乡菊花鱼\r\n\r\n　　主料：草鱼肉、桔汁\r\n\r\n　　辅料：鸡蛋清、生粉\r\n\r\n　　做法：上好刀工切出鱼肉，过油，糖醋桔汁勾芡\r\n\r\n　　功效：益气健脾、补血健胃\r\n\r\n　　金丝手撕鸭\r\n\r\n　　主料：湖鸭\r\n\r\n　　辅料：橙皮、尖椒\r\n\r\n　　做法：湖鸭沸水煮熟，过油，加入辅料爆炒\r\n\r\n　　功效：干香四溢、健脾养胃\r\n\r\n　　冰糖蜜桔炖雪梨\r\n\r\n　　主料：雪梨、蜜桔\r\n\r\n　　辅料：冰糖\r\n\r\n　　做法：大火清蒸\r\n\r\n　　功效：清热解毒、养心消暑\r\n\r\n　　全桔宴\r\n\r\n　　吉祥如意\r\n\r\n　　主料：蜜桔、猕猴桃、龙眼、葡萄、圣女果\r\n\r\n　　做法：原果切片、摆盘\r\n\r\n　　功效：丰富维生素、开胃畅心', '304', '1');
INSERT INTO `specialty` VALUES ('43', '1108', '2', '上清豆腐', '4.00', 'area/1108/specialty/b935f998-6f45-45cf-9954-236cf2896c38.png', 'area/1108/specialty/027088da-b49a-47e4-b22b-1170bfaa41ac.png', 'area/1108/specialty/9303087e-17ee-41fc-840e-0d94b0bd2e3a.png', '鹰潭上清豆腐历史悠久，为上清古镇的一大特色菜肴。这里的豆腐行销四方，在龙虎山中可称一绝。无论是豆腐还是豆腐干，都独具风味。不光营养丰富，还具有多种医疗效用。\r\n\r\n　　　制作豆腐在上清有着悠久的历史，至今镇上仍是作坊林立。这里的豆腐因水质好，加上传统的手工工艺十分地道，过滤精细，含水适度，具有白、嫩、香、滑的特点，无论是煎、炸、煮、炖、焖、凉拦，都清香鲜美，柔滑润喉，如果佐以黄鱼角、鲜猪肉、香菇、豆豉、香葱或辣椒，都是各有特色，风味十足。而做成油豆腐、霉豆腐、豆腐干、豆腐皮等，也是十分爱欢迎的菜肴和小吃。\r\n\r\n　　 民间传说\r\n\r\n　　　　“黄袍拜君王”好吃，关键是上清豆腐细嫩香滑、沁人心脾。据说在上清镇建镇前的西晋永嘉年间，当地有上清古镇\r\n\r\n　　一户农家，小两口勤俭持家且感情甚笃。丈夫早晨下地前，妻子常将黄豆腐磨成豆浆放些盐给丈夫充饥。有一次妻子要回娘家，就多磨了一些，将剩余的装入一个坛子里盖上以备丈夫第二天吃。可丈夫第二天下地时却忘了吃。妻子回家时，见坛了里的豆浆结成了块，硬要丈夫尝尝。丈夫为说：“你这不是在逗我吗？”没办法只好用勺子舀出一块尝尝，觉得味道很好，接着一口气吃完了，赞叹道：“太好吃了！”妻子打趣地说，“不是我逗你，你有这口福吗？”丈夫一高兴说：“那就管这结冻的‘豆浆’叫‘逗夫’吧！”后来夫妻俩便天天做起了“逗夫”当菜吃。妻子把“逗夫”的做法传授给邻里，经过不断改进，便有了今天的上清豆腐。', '328', '1');
INSERT INTO `specialty` VALUES ('44', '1108', '2', '板栗烧土鸡', '34.00', 'area/1108/specialty/660070e2-73e6-47e9-a935-4e3da0d4aaba.png', 'area/1108/specialty/7879bf8c-0f99-41fd-bb98-4dff28e2da0b.png', 'area/1108/specialty/6267d9a4-007a-429f-82ff-cbd5b14f3499.png', '龙虎山出产的天师板栗，个大香甜，淀粉丰富，是历代天师特别喜爱的果品和滋补品，素有“人间仙果”之称。而这钵天师板栗与当地农家喂养的土鸡相配，在文火中慢慢地烧出来的“天师板栗烧土鸡”，油光发亮，清香思溢，是这里很有名的美味佳肴，能吃这道菜，可谓“国 宾”的待遇啦。这道菜的形成还有一个很有趣的故事。说是有一次天师在家宴请宾客，家厨用一般的烹调方式制作，当厨师配好料，将鸡块装入砂钵放炉灶上烧制时，天师的儿子乘厨师不注意，调皮地将正吃的去了壳的板栗放入砂钵内。烧熟后，整钵端上了桌，拿掉钵盖后，一股清香扑鼻，只见鸡块色泽淡黄，栗香酥烂，客人一品尝赞不绝口，天师也欣然得意。席后，命家厨进一步改进，使之成为安宴中必备的菜。而且，这道菜可以滋阴补阳，健脾益肾，具有很高的营养价值。', '455', '1');
INSERT INTO `specialty` VALUES ('45', '1108', '2', '牛肉丸子汤', '23.00', 'area/1108/specialty/ce085e4c-bfb7-474c-870f-fb4027fec1a2.png', 'area/1108/specialty/e79a66bd-cfc7-4d0c-aaf8-9fe3404299bf.png', 'area/1108/specialty/69b8ef33-e676-4b5d-b7a2-eff0822efc4c.png', '　　配料：牛腿肉750克，鸡蛋150克，葱头400克，胡萝卜300克，土豆500克，豌豆50克，鸡油400克，精盐15克，牛肉清汤2。5公斤，香叶半片，干辣椒1个。胡椒粉、味精各适量。\r\n\r\n\r\n\r\n制作方法：1．将牛肉洗净，切成块，100克葱头去皮，和牛肉入在一起用绞刀绞两遍，再用刀剁一遍，放人盆内，加入5克精盐，50克鸡油、胡椒粉、味精、鸡蛋搅拌均匀，加水150毫升，随倒随搅，和成肉泥。 2．向汤锅内放水烧开，用于把肉馅挤成i20个丸于，放入开水锅内，烧一个开，丸子漂起，把原汤滗出，将丸子放入冷水里洗去浮沫，调入漏勺内，控净水。 3．把胡萝F、葱头去皮，洗净，切成小方丁，将土豆去皮，洗净，切成 40块。 4.往锅内放入200克鸡油，烧至五成热。先把胡萝卜丁、葱头丁放入，随之放入香叶，胡椒粉、干辣椒，用半炒半炯的方法，将蔬菜炯到成熟，放入牛肉汤、味精、精盐，调好口味，把土豆放入场锅煮到九成熟把丸于放入，烧两个开，改微火稍煮，起锅装盆。 5．食用时，分10客，每份放豌豆5克，牛肉丸子12个和汤，即可。', '344', '1');
INSERT INTO `specialty` VALUES ('46', '1109', '2', '广昌白莲饮料', '13.00', 'area/1109/specialty/69ada833-0bf1-424d-ba10-7350e5b82390.png', 'area/1109/specialty/05266eea-1d11-4414-8181-510f92f22e2d.png', 'area/1109/specialty/79f6a9ca-ebef-47f4-954b-fe2b36401af6.png', '莲子汁是以白莲为主要原料加工饮料，利用高科技食品工技术精制而成，该 产品保持了广昌白莲特有的清香和功能，具有口感细腻、味道醇正、冰凉爽口、温热清香等特 点，不加任何化学防腐剂，在同类产品中口感和色彩属上乘，是现代理想的天然饮品，曾获第 二届中国国际食品博览会国际名牌饮品，第二央中国农业博览银奖，&127;\'94中国国际饮料及 饮料加工设备展览会金奖。\r\n产品主要在本县、本区、本省及附近地区销售，省外市场主要在武 汉、上海、广州、深圳等城市。今年也开始进军北京、天津等北方市场。去年生产白莲饮料 300吨，产值270万元，实现利税25万元。今年计划生产白莲饮料600吨，销售收入480万元，税 利35万元。', '345', '1');
INSERT INTO `specialty` VALUES ('47', '1109', '2', '手撕狗肉', '150.00', 'area/1109/specialty/bc907f9b-5fb5-484c-b889-8c72e7e61886.png', 'area/1109/specialty/07fd858d-a170-4f6a-bcd2-28423fc51140.png', 'area/1109/specialty/d1b9a3e1-d749-4402-8895-a672a82ba1f2.png', '上栗手撕狗肉是江西省萍乡市上栗县的特产。上栗的手撕狗肉很有名气，把大块狗肉剔骨手撕后，和红薯粉一起煮着，味道很辣。既有南方狗肉的鲜辣，又有北方吃肉的那种大快朵颐。\r\n　　寒冬，正是吃狗肉的好时节。狗肉，味道醇厚，芳香四溢，所以有的地方叫香肉，它与羊肉都是冬令进补的佳品。狗肉营养价值很高，而且含有钾、钙、磷、钠及多种维生素和氨基酸，是理想的营养食品。　　\r\n　　上栗的手撕狗肉实属一绝，汤浓味美，肉质看上去纤维较粗实则鲜嫩易嚼。与其他地方的狗肉相比，上栗的手撕狗肉独具风格，源于做法的精细和选料的讲究。　　\r\n　　在狗肉的烹制上，先将狗肉处理后小火炆，炆好的狗肉是不主张用铁器的刀子来裁切的，就徒手向着骨头上来撕，因此名之为“手撕狗肉”。\r\n　　这地方炆好的狗肉是不主张用铁器的刀子来裁切的，就徒手向着骨头上来撕，这还有一个说法叫做“手撕狗肉”。', '-1', '1');
INSERT INTO `specialty` VALUES ('48', '1109', '2', '辣炒田螺', '34.00', 'area/1109/specialty/1ae00c18-7720-46ae-bb61-d0786889afbd.png', 'area/1109/specialty/faf2f086-5765-4a88-9751-a4c8d0aec844.png', 'area/1109/specialty/a4e12407-9dd5-4014-ac62-173ea55b2eb0.png', '田螺1000克，干辣椒150克，花椒5克，豆瓣50克，葱花5克调料：姜米20克，蒜米20克，色拉油250克，酱油10克，料酒50克，味精、盐、白糖适量。\r\n  1. 田螺(提前吐尽泥沙}洗净，剪去尾巴。\r\n\r\n2. 准备好调料。\r\n\r\n3. 炒锅倒油烧热(油要稍微多一些。\r\n\r\n4. 爆香葱姜蒜和辣椒。\r\n\r\n5. 倒入田螺翻炒均匀。\r\n\r\n6. 加入白酒炒香。\r\n\r\n7. 在加入糯米酒继续炒香。\r\n\r\n8. 加入老抽。\r\n\r\n9. 加入酱油。\r\n\r\n10. 加入糖翻炒均匀。\r\n\r\n11. ·加入蚝油继续翻炒，这时可多翻炒片刻。\r\n\r\n12. 然后加入盐翻炒。\r\n\r\n13. 加入鸡精。\r\n\r\n14. 翻炒均匀关火。', '561', '1');
INSERT INTO `specialty` VALUES ('49', '1110', '2', '齐云山南酸枣糕', '34.00', 'area/1110/specialty/7aaa793d-c805-434c-8124-eb64f02a667a.png', 'area/1110/specialty/16115652-2550-4579-878d-23149cb4a76c.png', 'area/1110/specialty/38125d3f-86fd-4055-971d-608a7b30a3d6.png', '齐云山南酸枣糕来自唯一国家命名的“中国南酸枣之乡”，原料采自原始森林的百年南酸枣树所结野生南酸枣果，结合传统古朴的加工技术，充分保留了天然野生的风味和原始森林的清香，入口由酸而甜，纯滑柔韧，风味独特，野趣盎然。\r\n齐云山南酸枣糕含鲜果固有的丰富的黄酮，果胶，维生素，钙，铁，锌等成份。一九九七年，二000年，二00三年，二00六年连续四期被中国绿色食品发展中心认证为“绿色食品”，是国内同类产品率先获此殊荣的食品。\r\n含丰富植物黄酮，更健康！目前来自绿色山野的齐云山南酸枣系列食品已经成为都市非常流行的一种绿色健康食品。\r\n无论是快乐成长的孩子们，还是爱美爱健康的女性朋友们、紧张忙碌的上班族、修身养性的中老年人，美好生活都离不开齐云山南酸枣系列食品。时时不忘齐云山南酸枣系列食品，为您的生活增加滋味，让您的生活够滋够味！', '443', '1');
INSERT INTO `specialty` VALUES ('50', '1110', '2', '麻辣鸭头', '60.00', 'area/1110/specialty/8f695646-d1cd-4827-b869-1b2e0de72df0.png', 'area/1110/specialty/2935f92d-4241-437e-9ab5-a6355623f13e.png', 'area/1110/specialty/a3d44e9e-5cf4-4b07-a35d-90464425d127.png', '\"麻辣鸭头\"之所以好吃，秘绝全在汤料里，汤料\r\n只所以巨香，根本是因为上等的香料。\"麻辣鸭头\"真正使用的香料应该是25种，自家做不太可能放齐，但味道已经相当不错，胜在健康无添加剂。\"麻辣鸭头\"，不但口感鲜美，回味无穷，还具有益气补虚、降血脂以及养颜美容等功效。我国传统中医认为:鸭属凉性，经常食之，平肝去火。味甘，功能温补，益气，配以辣、麻及几十余味中药材，使其主相辅相成。其辣，功能排毒瘦身。健体美颜;其麻，开胃益食，与辣互相作用，具益气养血之效，性温而不躁，除湿去烦，开胃健脾。', '455', '1');
INSERT INTO `specialty` VALUES ('51', '1110', '2', '白灼芥兰', '23.00', 'area/1110/specialty/e8e38973-c30e-4eb9-843b-d61bebc5396f.png', 'area/1110/specialty/ec9fcf6e-4e9d-4090-8162-3fba197b2f24.png', 'area/1110/specialty/36938ae7-2a51-46de-b911-5842704a938d.png', '\"白灼\"是粤菜的烹调技法，以煮滚的水或汤将生食烫熟，许多人觉得这是最健康的烹调方式。不过，有人在白灼时也用了大量的油和盐，不但增加了身体负担，还会更多损失营养。\r\n\r\n朝阳医院营养科营养师宋新表示，很多维生素都是水溶性的，同时易受高温破坏，焯太久会破坏营养，所以白灼未必最好。而用很少的油快炒要比白灼好一些，可缩短加热时间，减少营养流失。\r\n\r\n专家表示，不管哪种烹饪方式，关键是控制油、盐等调味料的分量。现在很多餐馆追求菜的色、香、味俱全，就算是白灼，上桌前也要淋一勺油，让菜\"好看\"，却牺牲了消费者的健康。在家做饭时，为避免过量摄取脂肪，可用少量橄榄油、花生油等来\"灼\"。\r\n\r\n蔬菜类食物最好凉拌，但不是任何食物都适合凉拌，比如马齿苋等野菜还是要焯一下，才能彻底去除尘土和小虫;而豆角、蘑菇等不适合凉拌，容易引起食物中毒，即使要拌也一定要煮熟。', '441', '1');
INSERT INTO `specialty` VALUES ('52', '1111', '2', '乐平狗肉', '78.00', 'area/1111/specialty/73db3af1-2a00-4d44-87de-9a868e40efb9.png', 'area/1111/specialty/d1b346c3-6b0d-4689-b5f8-04f45302d421.png', 'area/1111/specialty/1b66afce-897a-4e3a-9bfb-ae6a571b1ecc.png', '　乐平狗肉这一传统食品已有2000多年的历史，特别是乐平的“清蒸狗肉”是最具有乐平特色的传统做法，历经数百载而不衰，乐平狗肉的制作工艺匠心独运，望之黄莹油亮，闻之香气扑鼻，食之回味无穷。\r\n　　乐平狗肉是用蒸、煮相结合的方法烹制作冷盘食用的风味食品。因系用文火不加盐煮熟，具有肉味鲜嫩，软硬适宜，鲜美爽口，营养丰富等特点。食用时调味作料讲究，独具一格。 　　\r\n\r\n　　乐平狗肉清煮白切。煮时放入大量的茴香、八角、大蒜、生姜，注入谷酒，水开后还要放入些许萝卜，红枣。 　　\r\n　　一般要用文火煮焖一夜。天光微量，捞出狗肉，放在竹匾上摊凉。然后一副担子，前狗肉、谷酒，后小桌板凳佐料，走街串坊，到村去镇。小贩特别喜欢到煤矿边，拉长了嗓子吆喝道：“刚出锅———狗肉”。见有生意便论斤称两出售。一般先称后切，放在盘里，洒上红辣椒粉，也有要加上蒜泥的，当然这是粗浅的吃法。随后摆在小矮桌上，一口谷酒，一口狗肉，说上一通不着边际的话题。卖狗肉的只在有空时，不是听上两句，就是插上两句，他生怕怠慢了顾客。一般矿工出井，半斤狗肉半斤酒，活血壮阳，正得其时。 　　\r\n\r\n　　乐平狗肉皮糯、肉香、骨酥。没有皮的狗肉，烧煮出的肉不凝；芸芸众肉，猪肉肥、牛肉腥、羊肉膻，唯独被狗肉占去“香”；只有骨酥之时，狗肉与骨可脱，因此乐平的狗肉是带皮去骨。江西乐平狗肉与四川花江狗肉烹制不同：花江狗肉是放在火锅上涮，蘸着佐料吃；也与延边朝鲜族狗肉吃法不同：延边的狗肉肥腴，一般与冻豆腐煮着吃。而乐平狗肉清煮白切，尽得狗肉之本色原味。尽管做此生意的都是小本买卖，一副货郎担即可，但乐平的狗肉生意一直不错。食者往往是图狗肉香糯，也图谷酒醇厚。乐平狗肉一年之中只在深秋到翌年清明上货供应，这正体现中国人朴实的饮食天人合一思想。 　　\r\n　　雅自有雅的高贵，但俗亦有俗的可爱，吃乐平狗肉无疑是市井风俗。 　　\r\n\r\n　　其实狗在古时候便排入六畜之列，吃狗肉定是地方风俗。其中似乎粗俗武人为多：汉刘邦帐下的樊哙在当时就是一位不错的杀狗师傅；《水浒传》中的花和尚鲁智深是在吃了一条狗腿、大量谷酒后才一膀子掀倒了半山亭。也似乎是吃狗肉才长力气，前面樊哙、鲁智深是例，矿工喜好狗肉也是信此如此。矿工累了一班，酒足肉饱醺醺然乐陶陶地搭着衣服，回家了。', '566', '1');
INSERT INTO `specialty` VALUES ('53', '1111', '2', '凉伴冷粉', '12.00', 'area/1111/specialty/618ee499-b68b-488a-8b29-3a0f4fcd825b.png', 'area/1111/specialty/8cb5f528-791a-4a36-89f0-d56757b9f49b.png', 'area/1111/specialty/955cef1f-043f-45a3-82bb-eeb0c2649aa8.png', '　1、选料：无霉变的普通大米均可，也可用碎米作原料。\r\n\r\n2、浸泡：把大米洗净除去杂物，用水浸泡4-5小时。同时另取洁白、纯净的优质石灰，加水溶化成饱和石灰水，让其自然澄清，取其上清液装好备用。\r\n\r\n\r\n3、磨浆：大米浸泡后，连水带米在石磨（钢磨或粉碎机）上磨成米浆，盛入锅中。\r\n\r\n\r\n4、熬煮：用旺火将锅中米浆熬沸，然后以小火熬煎，并用一木棒在锅中不断搅动。这时把事先准备好的石灰水缓缓注进锅中，使米浆凝固。石灰水的用量，可根据对凉粉老嫩程度的不同要求略有差别，以做到无苦涩味为宜。一般1kg大米用100-200g饱和石灰水。加过石灰水的米浆还须熬一下（不断搅动，以防糊锅），当用锅铲挑起一点米浆，其粘度恰好处在似滴非滴状态，并在铲上呈一处状，表示火候已到，应及时舀出。盛在瓷盆中，让其自然凉透后，翻倒在有清洁湿布的案板上即可。\r\n\r\n\r\n\r\n5、取食：拌以酱油、醋、蒜泥、味精、油辣子等不同佐料，即成各式清凉、爽滑的凉粉。若拌以豆豉酱，则可制成四川凉粉之正宗——川北凉粉。\r\n\r\n\r\n\r\n承德一带居民食用凉粉已有300多年的历史。人们所以喜欢食用凉粉，不仅因它味美消暑，还因为它含有丰富的营养。\r\n\r\n\r\n\r\n现在市面上都有做成形的凉粉了，一般家庭只需要买回家切好拌上佐料即可，当然，你也可以上四川街上的小店品尝拌好的凉粉，风味独特：）\r\n\r\n\r\n洛带镇中广东会馆的伤心凉粉广为盛名，以辣为盛。深受游客喜爱。', '444', '1');
INSERT INTO `specialty` VALUES ('54', '1111', '2', '历居山杨梅', '10.00', 'area/1111/specialty/e940c2fb-62c3-4741-9b1c-bdddeaaeda02.png', 'area/1111/specialty/34a3be12-e58e-495b-8853-1260f9eca78a.png', 'area/1111/specialty/32bb795d-402b-423c-8d0c-a64a3ee6cd04.png', '历居山杨梅生长在远离城市的洪岩镇历居山山区。当地栽种杨梅树完全处于野生状态下生长，由于杨梅在整个生长过程中不需要使用化肥和农药，本身就具有抗病虫害的能力。因此，历居山庄杨梅现已被国家绿色食品委员会认证为绿色食品。\r\n　历居山杨梅宋代已有栽培。明嘉靖《乐平县志》记述，杨梅产历居山，其味绝诸果，故而得名。当地杨梅以黑炭和东魁两个品种为主，现在已形成了以“万紫”、“??峰”等杨梅品牌。\r\n\r\n　　 历居山杨梅其味鲜甘酸，风味独特，核小肉多，营养丰富，被誉为果中珍品。历居山杨梅果肉质细软、汁液多、叶甜微酸、略有香气，富含纤维素和矿质元素，据测定，钙1.2%、铁0.6%、热量129.58千焦耳、蛋白质0.7%、脂肪0.3%及硒、果胶等8种对人体有益的氨基酸和物质。\r\n\r\n　　 杨梅含有大量杨梅素及黄酮，具有很强的防氧化活性、抗炎和抗皮肤癌作用，对金色的葡萄球菌、大肠杆菌等有强力的杀灭作用。本草纲目记载“杨梅可止渴和五脏，能涤肠胃，除烦愤恶气”。据民间验证，对下痢不止、头风作痛、腹痛、呕吐、食物中毒、必腹绞痛、口干舌燥、低热烦渴、牙龈出血等用杨梅及杨梅树皮作单方服用，均有良好疗效。', '535', '1');

-- ----------------------------
-- Table structure for travelcomment
-- ----------------------------
DROP TABLE IF EXISTS `travelcomment`;
CREATE TABLE `travelcomment` (
  `id` int(11) NOT NULL AUTO_INCREMENT,
  `usernum` varchar(255) DEFAULT NULL,
  `travelNum` int(11) DEFAULT NULL,
  `content` text,
  `ptime` datetime DEFAULT NULL,
  `stage` int(11) DEFAULT NULL,
  PRIMARY KEY (`id`),
  KEY `travelNum` (`travelNum`) USING BTREE,
  KEY `usernum` (`usernum`),
  CONSTRAINT `travelNum` FOREIGN KEY (`travelNum`) REFERENCES `travels` (`id`),
  CONSTRAINT `uid` FOREIGN KEY (`usernum`) REFERENCES `user` (`userId`)
) ENGINE=InnoDB AUTO_INCREMENT=21 DEFAULT CHARSET=utf8;

-- ----------------------------
-- Records of travelcomment
-- ----------------------------
INSERT INTO `travelcomment` VALUES ('1', '12', '26', '婺源二日游玩得真开心，不愧是中国最美乡村！！', '2018-04-15 20:34:43', '1');
INSERT INTO `travelcomment` VALUES ('2', '13', '26', '打算计划一下路线，首站婺源——为江西有这个最美乡村打Call!!', '2018-04-15 20:38:18', '1');
INSERT INTO `travelcomment` VALUES ('5', '17', '22', '没去过新余，有机会去玩玩！！', '2018-04-15 20:41:19', '1');
INSERT INTO `travelcomment` VALUES ('6', '16', '21', '井冈山——中国革命的摇篮，有机会去感受感受！！', '2018-04-15 20:44:46', '1');
INSERT INTO `travelcomment` VALUES ('7', '11', '20', '听过三清山挺不错的，去年有几个同学去玩了，我也打算去玩玩，题主给给意见呗！！', '2018-04-15 20:48:57', '1');
INSERT INTO `travelcomment` VALUES ('8', '13', '23', '去年去深圳途径赣州，可是没机会下去玩，今年去吧！！！', '2018-04-15 20:51:07', '1');
INSERT INTO `travelcomment` VALUES ('9', '14', '25', '喜欢枫桂庄园的这种休闲的乡村风格！！', '2018-04-16 11:19:49', '1');
INSERT INTO `travelcomment` VALUES ('10', '11', '25', '不错的乡村风，原离城市的喧嚣！', '2018-04-16 17:37:59', '1');
INSERT INTO `travelcomment` VALUES ('11', '11', '19', '飞流直下三千尺，疑似银河落九天。壮美的大庐山！', '2018-04-16 20:30:37', '1');
INSERT INTO `travelcomment` VALUES ('12', '11', '19', '庐山好风光，期待庐山的旅游。', '2018-04-17 20:21:59', '1');
INSERT INTO `travelcomment` VALUES ('14', '11', '27', '不错哦！！', '2018-04-18 19:22:48', '1');
INSERT INTO `travelcomment` VALUES ('15', '11', '27', '婺源旅行攻略 仙气儿里的云卷云舒是生活，值得品味！！', '2018-04-18 19:25:26', '1');
INSERT INTO `travelcomment` VALUES ('16', '11', '26', '婺源二日游，下次去玩哇。', '2018-04-18 19:37:20', '1');
INSERT INTO `travelcomment` VALUES ('17', '11', '27', '婺源真是个好地方，美食，美景！！！', '2018-04-26 15:56:48', null);
INSERT INTO `travelcomment` VALUES ('18', '13', '26', '醉美乡村！！', '2018-04-26 21:08:09', null);
INSERT INTO `travelcomment` VALUES ('19', '18279171713', '27', '好地方！！！', '2018-05-04 17:52:32', '1');
INSERT INTO `travelcomment` VALUES ('20', '17516019380', '29', '好美的地方！！', '2018-05-04 21:31:11', '1');

-- ----------------------------
-- Table structure for travels
-- ----------------------------
DROP TABLE IF EXISTS `travels`;
CREATE TABLE `travels` (
  `id` int(11) NOT NULL AUTO_INCREMENT,
  `userNum` varchar(255) NOT NULL,
  `title` varchar(255) DEFAULT NULL,
  `ptime` datetime DEFAULT NULL,
  `describle1` text,
  `pic1` varchar(255) DEFAULT NULL,
  `describle2` text,
  `pic2` varchar(255) DEFAULT NULL,
  `describle3` text,
  `pic3` varchar(255) DEFAULT NULL,
  `readnum` int(11) DEFAULT NULL,
  `stage` int(11) DEFAULT NULL,
  PRIMARY KEY (`id`),
  KEY `userId` (`userNum`),
  CONSTRAINT `userid` FOREIGN KEY (`userNum`) REFERENCES `user` (`userId`)
) ENGINE=InnoDB AUTO_INCREMENT=30 DEFAULT CHARSET=utf8;

-- ----------------------------
-- Records of travels
-- ----------------------------
INSERT INTO `travels` VALUES ('19', '11', '韶光正好——我与庐山有个美妙的大约会', '2018-04-16 20:29:21', '庐山位于中国中部江西省九江市南，北濒长江，东接鄱阳湖，面积302平方公里，全山共有90多座山峰，最高峰大汉阳峰，海拔1473.4米。群峰间散布有许多壑谷、岩洞、瀑布、溪涧，地形地貌复杂。 “春如梦、夏如滴、秋如醉、冬如玉”，庐山的四季美如斯，而其中尤以凉爽的夏季最为人们青睐，是享誉海内外的避暑胜地。庐山无数次出现在文人墨客的诗词歌赋中，也成为我魂牵梦绕的必去风景区之一。', 'travel\\76c0bc30-ef31-41b4-ba0e-1584e5107a94.jpg', '庐山的美景很多，可分为三条游览线路。一线：花径、锦绣谷、仙人洞、大天池、龙首崖、黄龙潭、乌龙潭、三宝树、芦林湖、博物馆、庐山会址、美庐别墅；二线：含鄱口、植物园、五老峰、三叠泉；三线：白鹿洞书院、秀峰、东林寺。另有碧龙潭、汉阳峰、石门涧、铁船峰等其他景点。庐山的精华景点集中在一线和二线，所以两至三天能游览大部分的风景名胜，如有三至四天时间便可饱览全景。\r\n\r\n　　十二点左右到九江站下车，许多拉客的司机都自动地上来报价拉客，都大声地囔囔:10元一个上庐山咯。虽然司机大哥们都很热情但是出于安全考虑，我们还是选择了去正规的客运站坐车。于是我们就按照规划的路线打的到“三里街”，并在那里打车有车上庐山，去庐山的车费是15每个人。', 'travel\\08df18bf-5f2c-4c84-ae83-bacac57da947.jpg', '来之前就听闻庐山的山曲折蜿蜒，是出了名的山路十八弯，可是没想到这弯弯曲曲配上老司机急转弯的杀手锏简直是催吐神器。大概20分钟的车程，30个人左右的中层大巴车。在颠簸中，我们终于在庐山脚下停了下来，也就是卖上庐山门票的地方。上庐山的门票是学生票135人，买完票之后我们就开始上山路。刚刚上山的时候两边是郁郁葱葱的树木，一眼望过去都是秀丽的风光。司机热心地告诉我们如果碰巧遇到下雨天过雨，我们还能看见白茫茫的云海，那感觉就好像在空中腾云驾雾。随着海拔的升高，兴奋的情绪在一群九江方言的嘈杂中沉淀下来。虽然因为山路还有一点点头晕的感觉，但是内心却也充满了满满期待。在此建议容易晕车的朋友们，可以事先准备一点药物，少吃一点干粮。', 'travel\\c423db2f-3799-4048-b550-10d47f67312f.jpg', '17', '1');
INSERT INTO `travels` VALUES ('20', '12', '“秀丽三清，醉美玉山”三天两夜实用攻略', '2018-04-13 21:45:55', '行程天数：3天人均花费：756亲子游\r\n\r\n　　作为一个地道的上饶人，对于三清山的秀美也是赞不绝口，不得不说，三清山以她的灵动，清绝出尘震撼着一个又一个远道而来的游客。\r\n\r\n　　每次旅行，都会给体内灌输一些正能量，旅行的意义又是什么呢？我想每个人都有着自己独特的对旅行的理解，对于我来说，每一次旅行就像一次探险一样，你总会找到那些独特的宝藏。\r\n\r\n　　三清山位于中国江西省上饶市玉山县，是世界自然遗产，世界地质公园，国家自然遗产，国家地质公园，游三清山没有个3-4天不行，因为三清山的美值得你驻足欣赏。那么当然作为本地人，对于三清山又有着别样的情怀，为了让更多的人来钟灵毓秀的三清山，特写此三清山攻略，希望能够对您的旅行有所帮助。\r\n\r\n　　穿衣指南：春(3-5月)夏(6-8月)季节一般穿短袖、衬衫，薄外套就足够了，如果打算在山上过夜的朋友们，建议带上一件稍厚一点的外套以防感冒。秋冬季节一般衬衫，羊毛衫，厚外套。山上昼夜温差大，请注意防寒保暖。4-6月为三清山的雨季，记得带上雨具(山下一般有一次性雨衣，15元一件)，夏季注意防晒。\r\n\r\n　　语言：三清山当地语言以上饶玉山话为主，接近浙南吴语，和周边江山，常山，广丰等地人能交流。\r\n\r\n　　登山指南：我们是住在离金沙索道只有五分钟车程的卧龙国际酒店，所以我们是早上六点起床，去餐厅用完早餐，便上山了。如果腿力不好的好，可在酒店门口买一两根登山杖，是当地的小竹棍，10元一根，如果人多可以讲价，15元两根也是可以的，总之就是人越多价格越实惠。因为当时是九月初，所以我当时穿的是一件T恤，穿了一条牛仔裤，买了雨衣，也去酒店附近的小店买了水和小面包，山上的物价有点小贵，水是10元一瓶，山下就正常价，农夫山泉1.5元一瓶，盼盼小面包8元10个，如果人多可以多买点，分开背，可以省很多。记得一定要穿平底鞋或者运动鞋，山上很陡，真的陡。', 'travel\\4daef087-18f1-4d71-ac2d-0abbfe25ca42.jpg', '三清山景区位于上饶市玉山县境内，玉山县有两个火车站，分别为玉山南站(高铁站)以及玉山站(火车站)，外地的朋友们可以从当地火车站搜索到玉山南或玉山站的火车，根据自己的行程选择合适的车次。玉山南和玉山站出站广场都有直达玉山县城的公交，玉山南的为6号线(玉山南-玉山汽车站)，玉山站的为5号线(火车站-十七都)，需要去县城购物的朋友们可选择在步行街或者商业城下车，下车就是县城中央购物区，有玉山当地特色的食品，以及全国连锁的超市，家润福等，你可在此购买你上山游玩所需的物品，相比于山上的物价，便宜了好多哦。从玉山汽车站就有直达三清山的客车，有两个方向的车，分别为三清山南(外双溪索道)以及三清山东部(金沙索道)，票价为人均16元，20分钟一趟，夏季早上6:00便有车，冬季6:30左右有首班车。有一个小贴士，如果是容易晕车的朋友，建议搭乘三清山东部的车，因为这边的地势较平缓，盘山公路的转折不是特别急。如果喜欢刺激，那么欢迎乘坐三清山南部的车，心情绝对跌宕起伏。\r\n\r\n　　班车时间：三清山南部到玉山汽车站最早8：30，最晚17：00，间隔50分钟一趟(除中午间隔时间约2个小时)三清山东部到玉山汽车站最早8：30，最晚17：00，间隔50分钟一趟(除中午间隔时间约2个小时)玉山乘车地点：玉山新汽车站三清山乘车地点：三清山东部金沙索道旁', 'travel\\33d9ac8f-37bd-4c24-ab89-41cc58511da9.png', '三清山脚下有很多的酒店，喜来登酒店，花园酒店，卧龙国际酒店等，还有一些客栈，都是当地人开的，价格根据旅游实况会有些许调整，我们去的时候住的是卧龙国际酒店，相对来说价格比较合理，当然我们也是比较了各家酒店，然后综合考虑之下，才选择卧龙国际酒店。我们还是在携程上定的房，豪华标间是173元，双早，有线无线宽带免费。', 'travel\\83a51e92-a975-4823-a77a-2442d04cdb1c.jpg', '7', '1');
INSERT INTO `travels` VALUES ('21', '13', '红色之旅——邂逅井冈山', '2018-04-13 21:54:05', '在去井冈山之前，我对它最直白也是最根深蒂固的印象便是深入人心的“红色热土”、“革命摇篮”。而当我踏上这片土地，触及到这里一山一水的气息，才恍然发现，原来井冈山不只只是红色。这里有穿过峡谷山石的微风，亲吻澄澈的流水，青绿色的稻田，颤动的竿竿翠竹，这里的一瀑一泉都透着清亮，一切恍如诗意，让人不忍离去。井冈山——革命山——旅游山——文化山。“四面重峦障，五溪曲水萦。红根已深植，今日正繁荣。”是老一辈无产阶级革命家董必武1960年访问井冈山时对井冈山发展的评价。井冈山从红色中走来，又向绿色中走去。走进井冈山，你会发现，大自然就是最鬼斧神工的设计师。井冈山的每一条路，每一棵树，每一条河，都经过了细心雕琢。上了年岁的小河护栏，老木上的裂痕，一草一木都彰显出沧桑和年岁。身处其中，眯上眼，便可用心感受到自然之美，绿荫围绕，蓝天白云，微风拂面，鸟叫虫鸣。', 'travel\\d66f11e0-599d-407a-89cb-3583ab54475c.png', '到井冈山旅游，必须搞清楚的两个地方：\r\n\r\n　　一个是茨坪镇，景区的大本营所在，所有景区都离茨坪镇非常的近，所以一般都选择在这里落脚住宿。镇内有几个景点：北山烈士陵园、毛泽东旧居、革命博物馆，挹翠湖、天街都很值得一看。\r\n\r\n二便是井冈山景区，景区内有三条线，一日就可以游完。A线：黄洋界—百竹园和红军造币厂—龙潭瀑布—小井红军医院；B线路：大井井冈山村—水口彩虹瀑布；C线路：五指峰主峰景区—井冈湖(有快艇来往C线的主峰景区42元/人)。而D线路是笔架山专线，这个要专门用一日时间玩。实际上井冈山游览需要花费2天半的时间，如果赶时间的话也可以不去笔架山，便可以省一日时间。', 'travel\\de55eba3-e978-4757-aa6e-7c56b36ebdcc.png', '到达井冈山：1、坐飞机到井冈山机场，然后坐机场巴士到达吉安市，再至城南车站坐班车至井冈山茨坪。2、坐火车到井冈山，火车站在井冈山新城，站离茨坪36公里，可再转坐公交车或者出租车到茨坪。3、坐汽车到井冈山，从吉安坐汽车到井冈山需时两小时左右，从赣州到井冈山大约三到四小时，汽车的优势是可以直接到茨坪下车。景区内交通：4、在井冈山风景区，我们可以丝毫不用担心交通不便的问题。井冈山对核心景区道路实行交通管制其中主要包括：大小五井、黄洋界、龙潭、水口和主峰等核心景区，同时景区内设旅游观光车可到各个景点。观光的票价也十分平民，70元/张，总站下设黄洋界、龙潭、大井、百竹园、水口、主峰等13个分站。井冈山门票要在茨坪镇坐绿色的旅游公交去旅游总站买，旅游公交从总站开出环绕茨坪镇一周又回到总站。通往各个景区，都必须先到旅游总站发车。在游玩的过程中我们要注意下往返末班车的时间。一般一年分为两个大段：3月16日至11月15日总站发班时间为7:00，景点返回总站最后收班时间为18:30。11月16日至次年3月15日总站发班时间为7:30，景点返回总站最后收班时间为18:00。', 'travel\\121799e9-61fb-46e6-bb8e-8295b8088eec.png', '8', '1');
INSERT INTO `travels` VALUES ('22', '11', '新余两日游——自古新余美如画', '2018-04-13 21:57:37', '　题记\r\n\r\n　　休憩\r\n\r\n　　春游春回大地欣然，唤伙伴登舟荡漾欢。\r\n\r\n　　看碧波万顷，湖光潋滟；\r\n\r\n　　画屏抱石，仙女湖嫣。\r\n\r\n　　惬意春阳，天光水影，倒映群山红杜鹃。\r\n\r\n　　青啤醉，共班荆道故，宴乐齐天。\r\n\r\nDay 1作为北方人，对于江南美景一直充满着期待，这次借着毕业旅行的光，最终决定去新余看看。为了时间上的方便(准确的说是不想早起嘿嘿)，我们买了10:45的高铁票，七个多小时就从北京西到达了新余北，怀着激动的心情终于开始了旅途。据说融城大饭店是新余最好的酒店，从新余北到新余融城大饭店有直达的公交车K403，1元/人，大约三十分钟左右坐到车管所，下了车再走个五分钟就能到酒店门口，交通方便，位置很好找。', 'travel\\3e580262-139d-49a4-ae80-5fbe1cc785f8.png', '酒店整体来说装修比较豪华，顶灯的设计映入眼帘，很有韵味。在前台登记入住时，服务人员给我们倒花茶并询问我们需要的物品。之后有专门的人员领我们去乘电梯，并告知我们电梯内需要刷卡才能按楼层按键，这一点让我们感觉这里安全性非常高。酒店服务态度好，干净整洁，还送了两杯热鲜奶还有果盘，非常贴心。我们入住的是大床房(在美团上订购不到500元一晚)，房间内是中央空调，床睡上去很舒服，每张床配有两个枕头。房间里的设施也很齐全。有小冰箱，小冰箱里有啤酒，饮料，牛奶，酸奶等，品种很多。还有吹风机和电子秤，洗澡还有浴缸。可以说是一次完美的体验。', 'travel\\8932c5a0-3678-4d45-8be2-e19f2b72d7b8.png', '来之前在网上看到新余的鸭三件很有名，包括鸭头、鸭翅、还有鸭爪。于是下午打车去了总工会的大排档，只要七元左右。推荐正宗老陈鸭头，小龙虾和鸭三件都炒鸡好吃，小龙虾还都去了虾线。提到鸭三件，老陈鸭头就靠这道菜打响名气！听说无论什么时候去都是人气爆棚，菜以香辣为特色，虽然很辣，但总是让人停不下筷子，吃了还想吃。那\"鸭三件\"早就卤过一遍，再加上辣椒，生姜，大蒜子，五香，麻油，香油，在锅里煮十来分钟，一盘香嘭嘭的麻辣鸭头就可以上桌了。它吃起来麻麻的，酥酥的，鸭肉鲜美，酥软，特别是那鸭头，咬开脑壳，那脑髓特好吃。还有那鸭翅，鸭掌，特有一番嚼头。这时候，如果再喝上一杯冰啤，简直爽呆了!新余这道小吃菜，只有一个地方做得最最地道，好吃，那就是新余城北的总工会夜宵一条街，以至于好多人不得不炒这道菜带回家吃。', 'travel\\aef3ee23-db67-4983-af34-a36b64d72e42.png', '5', '1');
INSERT INTO `travels` VALUES ('23', '14', '赣州三天游——五一自驾游', '2018-04-13 22:23:17', '“不旅行的人生和咸鱼有什么区别”，我朋友和我这样说到。朋友说的也有道理，人生苦短，总不能一直在一个地方待着做井底之蛙吧，世界那么大，总要去看看。说走就走，刚好趁着这次五一三天假，我和朋友一行四人决定去江西的赣州瞧瞧。我们在郴州工作，因为距离赣州也不是很远，我们决定自驾去，自己开车也比较方便灵活，不需要拘泥于按部就班的旅游路线。\r\n\r\n　　车在做好加油准备之后，上午八点多从夏蓉高速郴州西收费站出发，郴州到赣州全程将近300公里。在夏蓉高速公路郴州汝城和赣州崇义路段，有接近四十条隧道，很多是两公里以上路程隧道，最长为4公里多长，在这种情况下，我们觉得自己已经不再是路人甲而已经是穿山甲了。一路折腾，总共消耗了近五个小时才到达赣州市区。', 'travel\\4b014958-1913-4114-841a-1beab3537aa7.png', '对于赣州还是简单的介绍一下吧。赣州，简称“虔”，别称“虔城”，也称“赣南”，位于江西省南部，是江西省的南大门，是江西省面积最大、人口和下辖县市最多的地级市。赣州是江西省省域副中心城市，拥有4个国家级经济技术开发区和全省首个综合保税区。赣州是全国稀有金属产业基地和先进制造业基地、红色文化传承创新区和著名的红色旅游目的地、区域性综合交通枢纽、原中央苏区振兴发展示范区、赣粤闽湘四省通衢的区域性现代化中心城市。赣州都市区也是江西省重点培育和发展的三大都市区之一。\r\n\r\n　　我们事先在网上搜索了一些相关的游记和攻略，经过深思熟虑以及朋友间的讨论，我们把这次旅行的目的地定在赣州市章贡区的通天岩，瑞金共和国摇篮景区以及大余的丫山风景区，计划旅游的时间是三天两夜，五月一号晚上赶回去，然后五月二号继续上班。\r\n\r\n　　到了赣州市去以后，已经是饭点了，我们决定吃过午饭后在赶往通天岩。既然来到了赣州，肯定得吃点赣州的特色了。我们来到了被赣州人认为是最好吃的一条街——钓鱼台美食街，。我们来到了一家不起眼的饭馆，名字具体叫什么我忘了，不过味道还不错。我们点了一份兴国米粉鱼，一份粉蒸肉，一份酿豆腐，还点了一份清明果。兴国米粉鱼是江西兴国地区传统名菜，以草鱼为制作主料，烹饪技巧以蒸菜为主，口味属于咸鲜。而粉蒸肉的流行就比较广泛，但是江西的比较有名，根据烹饪方法，粉蒸肉可以偏辣，也可以偏甜，配料可以辅以香菇、老藕、南瓜、红薯等配菜。酿豆腐我们郴州那也是有的，但是味道不一样，赣州的酿豆腐属于客家风味，较为咸鲜。', 'travel\\5475a277-71d6-4133-ad7e-d2e8f37d1f7a.png', '吃过午饭后，我们便继续驾车前往通天岩了，同是在章贡区，所以我们从美食街很快便到了通天岩。通天岩景区是赣州的被称为“江南第一石窟”，票价是60元，我们一行四个人，没有儿童，买的都是成人票。通天岩景区可分为古代石刻区和现代休闲区两部分，游步道大致可看作相套的两个环形，最精华的石刻区集中在内环靠近景区大门的地方，主要有观心岩、忘归岩、龙虎岩、通天岩、翠微岩等五个岩洞，是游览重点。外圈以爬山、游览人工景点为主，整个走下来通常需要大半天。', 'travel\\bd2518b6-dc76-4971-8620-48652c2051d2.png', '3', '1');
INSERT INTO `travels` VALUES ('25', '13', '农家乐-九江市庐山区莲花镇枫桂庄园', '2018-04-13 22:29:05', '九江枫桂庄园(九江农耕文化休闲产业园)位于庐山区莲花镇，是一家非常具有高大上趣味的农家乐。园内占地面积近六十余亩，建筑材料均来自九江浔阳古城的拆迁旧料，建筑风格具有浓厚的地方特色和赣北的传统古风。园内名木成林，不仅有百余款形态各异美不胜收的盆栽，还有近二十处庐山历代名人石刻和各类农耕文化。浓厚的文化氛围，使来客流连忘返，光顾再三。园内餐厅面积达二千平方米，可同时容纳五百多名游客用餐。菜品以九江市区传统特色为主，各县区的传统名菜、著名小吃为辅。是九江及周边市民亲近自然，体验农趣的首选休闲点。', 'travel\\a2ad1426-1928-4904-aa84-1efcdeb8be08.png', '庄园很大，有鱼塘、草坪、菜园等各种乡村结构，可以亲自体验钓鱼和种植蔬菜的乐趣。农庄环境还特别的好、空气清新，在这里可以吃到最正宗、最绿色的农家菜。\r\n\r\n　　这里曾被江西省农家旅馆星级评定委员会荣评为“江西三星特色农家乐”；被九江市旅游发展委员会评定为“最具人气农家乐”；被九江市文化新闻出版局评为“九江市文化产业示范基地”。这里远离城市喧嚣，清静的环境和新鲜空气，农家菜和文化氛围都格外的独特。', 'travel\\2de699bc-0c43-48ed-870e-79a1aadb280d.png', '井冈山市下七乡汉头村，总面积一千多亩，拥有果园面积600多亩。良好的自然生态环境基础和发达的现代化农牧业，农场的生态养殖、种植独具特色，游客可以在青山、水畔、果园、劳动园地中爬山、踏青、体会农业劳动之乐；在野鸡场、白鸽场、杨梅园等示范区漫步；还有机会品尝丰富的时令鲜果、蔬菜、石锅鸡、酒酿蒸鸡等农场特色菜(采用农场生态养殖贵妃鸡、珍珠鸡为原材料)。', 'travel\\97ec9fd8-588c-41c1-b290-30664f55ba7d.png', '18', '1');
INSERT INTO `travels` VALUES ('26', '17', '婺源二日游', '2018-04-15 19:57:45', 'A方案：根据一日游的A线和B线两者相加就是二日游行程\r\n\r\n       第一天：北线：县城出发——徽商古村落思溪、延村——途经山水田园风光长滩——千年古镇清华、宋代廊桥彩虹桥——生态自然风光代表大鄣山卧龙谷——严田古樟——返回清华\r\n\r\n       第二天：东线：县城出发——小桥流水人家李坑——古村落，俞氏宗祠汪口——生态村晓起（根据不同的季节时间早晚安排住宿或者到下一个景点江岭或者庆源）——田园风光江岭——深山小桃源庆源。\r\n\r\n       点评：说实话，这两天的行程是很紧张的，第二天如果去掉江岭，庆源则要宽松一些，比较适合包车游，如果是乘当地的交通车，建议把它分成三天来完成。住宿点选择：根据自己的实际情况而决定了。', 'travel\\0b472a40-30a7-4b5e-ad0b-cb51a8cbd6a7.png', 'B方案：北线为主，兼顾东线\r\n       第一日：县城——徽商古村落思溪、延村——千年古镇清华、宋代廊桥——长寿古里洪村——严田古樟——生态自然风光大鄣山卧龙谷\r\n       第二日：清华——文化底蕴浓厚的古村落理坑——丛溪飘流——县城——小桥流水人家李坑\r\n\r\n       点评：这条线增加了北线一个未开发的古村落——长寿古里洪村，适合一些喜欢淳朴，没有商业气氛的地方，然后是北线一个著名的深山进士村理坑，也是开发得比较少的一处古村落。严田古樟是一处有婺源最大最老的一棵古樟树的水口风光，属休闲性的景点，放松一下是很不错的。', 'travel\\7e414d93-87fb-4146-84fb-97af08cc04c6.png', 'C方案：东线、北线、西线兼顾\r\n       第一日：县城——小桥流水人家李坑——古村落汪口俞氏宗祠——生态村晓起——庆源，住宿或者是返回晓起住宿。\r\n\r\n       第二日：县城——千年古镇清华、宋代廊桥彩虹桥——严田古樟——赋春鸳鸯湖——文公山——县城\r\n\r\n       点评：这条线舍弃了北线的大鄣山、理坑、安排了西线的鸳鸯湖，这是季节性的景点，冬天有鸳鸯。还有一处与朱熹有关的文化景点：文公山。', 'travel\\1a46ab33-da68-4da7-a8db-1ba6f3d99499.png', '10', '1');
INSERT INTO `travels` VALUES ('27', '11', '婺源旅行攻略 仙气儿里的云卷云舒是生活', '2018-04-16 18:49:57', '巴蜀在线讯  谈起婺源，就会想起漫山遍野的油菜花、白墙黑瓦的水墨画、与“敦煌学”、“藏学”并称为中国三大地方显学的“徽文化”。今天小编跟大家分享一下婺源旅行攻略，助大家玩转婺源。在婺源乘坐中巴宜早不宜迟，一定要提前查好班次，如果想轻松玩遍婺源建议包车游玩。旺季时婺源堵车会很严重，建议错峰出行。', 'travel\\50ce0838-afc8-4e74-aaf3-2fa754c1098f.png', '餐饮攻略婺源以本土菜系粉蒸、清蒸和糊菜为特色，特色菜有：粉蒸肉、荷包鲤鱼等，土鸡、腊肉等乡野风味也不容错过，此外，还有小吃清明果、气糕等。当地特色柴火饭，菜园菜，地道农家菜，距离李坑景区非常近。特色饮品查记酒坊(李坑景区店)，当地有名的老字号酒坊，可以免费尝酒。农家菜老屋饭店，装修古色古香，价格实惠。', 'travel\\91cc756e-2267-4a34-a77c-75a6ed0a0a87.png', '农家菜婺源庆源古宅客栈，一栋拥有二百多年历史的古宅，同时提供住宿和餐饮。素有小桃园之称，长期与世隔绝，是婺源少有的保持古朴本色的村落。晓起被称为“生态家园”，可以说是婺源风景最美的村庄 ，透出古朴典雅的气质。当地特色村里村外大碗菜，婺源第一人气餐厅，婺源特色菜一站品尝地。当地特色婺源第一楼，酒店以婺源特色菜及徽菜为主，同时兼有赣菜、湘菜、川菜等特色菜系。\r\n\r\n位置：婺源县文公北路(方汇小区大门对面）\r\n\r\n价格：人均60元\r\n\r\n思溪延村\r\n\r\n徽派老建筑，有精湛的石雕、木雕、砖雕，1987年版的《聊斋》在此取景。', 'travel\\00240f86-4d2c-4d9b-a728-d1439067c77f.png', '14', '1');
INSERT INTO `travels` VALUES ('28', '11', '婺源小城故事 | 愿你既能朝九晚五，又可以浪迹天涯。', '2018-04-26 17:13:47', '我想很多人都很喜欢冰叔说的一句话：请相信，这个世界真的有人在过着你想要的生活，既能朝九晚五，又可以浪迹天涯。现在越来越多的人在不同的维度里面选择自己不同的生活方式。', 'travel/07609692-01c6-4014-a70e-2d9aee38fa20.png', '时光永远给我们以希望和焦虑。或许是天性的不满足使然，我们需要体面的工作成就日常的谈资，内心却深陷焦虑与枯燥，渴望一场不管不顾的出走，而山清水秀是盛放内心烦躁的最佳处所。远赴巴黎、伦敦的天涯或许无法实现，但托城市建设之福，至少在某日收工的傍晚，我们还来得及跳上一辆火车，在方圆3000公里范围的天涯，浪迹一番。', 'travel/3fa09016-688c-4e58-8d8b-524b30bcb470.png', '我是说，你可以去婺源。不远不近，横贯东西与南北的高铁，刚好满足你朝九晚五、浪迹天涯的“贪心”。\r\n夏日的阵雨，分明感受到自然的力量。\r\n\r\n自 江岭 万亩梯田上，浩荡而下的雨水，在山下聚成汪洋，在雨霁天青的某日清晨，第一缕日光冲破云层，地面的“雾海”出现一道彩云。放眼山、水、天、云，青的更青，蓝的更蓝。浮华与疲惫被冲洗的干干净净，中国最美山村，显山露水。\r\n\r\n此时抵达婺源，是最好的。', 'travel/5050ac34-2435-446c-aa22-fec9f2f8746a.png', '27', '1');
INSERT INTO `travels` VALUES ('29', '18279171713', '婺源小城故事 | 愿你既能朝九晚五，又可以浪迹天涯。', '2018-05-04 21:27:27', '我想很多人都很喜欢冰叔说的一句话：请相信，这个世界真的有人在过着你想要的生活，既能朝九晚五，又可以浪迹天涯。现在越来越多的人在不同的维度里面选择自己不同的生活方式。', 'travel/20c87f8b-d01f-4a21-a468-1d39d24547bd.png', '时光永远给我们以希望和焦虑。或许是天性的不满足使然，我们需要体面的工作成就日常的谈资，内心却深陷焦虑与枯燥，渴望一场不管不顾的出走，而山清水秀是盛放内心烦躁的最佳处所。远赴巴黎、伦敦的天涯或许无法实现，但托城市建设之福，至少在某日收工的傍晚，我们还来得及跳上一辆火车，在方圆3000公里范围的天涯，浪迹一番。', 'travel/07b63b76-1d62-4058-b8e5-aef8685ee78f.png', '我是说，你可以去婺源。不远不近，横贯东西与南北的高铁，刚好满足你朝九晚五、浪迹天涯的“贪心”。\r\n夏日的阵雨，分明感受到自然的力量。\r\n\r\n自 江岭 万亩梯田上，浩荡而下的雨水，在山下聚成汪洋，在雨霁天青的某日清晨，第一缕日光冲破云层，地面的“雾海”出现一道彩云。放眼山、水、天、云，青的更青，蓝的更蓝。浮华与疲惫被冲洗的干干净净，中国最美山村，显山露水。\r\n\r\n此时抵达婺源，是最好的。', 'travel/4f8b0089-019f-4748-9e46-bd8dd75e9a14.png', '23', '1');

-- ----------------------------
-- Table structure for user
-- ----------------------------
DROP TABLE IF EXISTS `user`;
CREATE TABLE `user` (
  `userId` varchar(255) NOT NULL,
  `userName` varchar(255) DEFAULT NULL,
  `password` varchar(255) NOT NULL,
  `sex` char(255) DEFAULT NULL,
  `address` text,
  `birthday` datetime DEFAULT NULL,
  `signature` text,
  `userImag` varchar(255) DEFAULT NULL,
  `stage` int(11) DEFAULT NULL,
  PRIMARY KEY (`userId`),
  KEY `userName` (`userName`)
) ENGINE=InnoDB DEFAULT CHARSET=utf8;

-- ----------------------------
-- Records of user
-- ----------------------------
INSERT INTO `user` VALUES ('11', '海鸥花开', '123456', '男', '江西省九江市', '2018-02-26 00:00:00', '风的姿态，电的速度', 'user\\822cbcb3-29fa-4eb7-939e-bade2d7a3063.png', '1');
INSERT INTO `user` VALUES ('12', '乐玩', '123456', '女', '四川省成都市', '2018-04-04 14:52:26', '爱玩，爱笑的小公举', 'user/hh2.jpg', '1');
INSERT INTO `user` VALUES ('13', '我就是我', '123456', '男', '云南省昆明市', '2018-04-01 17:06:35', '我就是不一样的我', 'user/hh3.jpg', '1');
INSERT INTO `user` VALUES ('14', '雨过天晴', '123456', '女', '江西省上饶市', '1980-11-01 17:12:58', '热爱大自然的女孩', 'user/hh4.jpg', '1');
INSERT INTO `user` VALUES ('15', '我来啦', '123456', '女', '江西省上饶市', '2018-04-04 21:38:14', '热爱大自然的女孩', 'user/newuser.png', '1');
INSERT INTO `user` VALUES ('16', '你来我就走', '123456', '女', '江西省上饶市', '2018-01-25 21:38:17', '热爱大自然的女孩', 'user/newuser.png', '1');
INSERT INTO `user` VALUES ('17', '花开与你半夏', '123456', '女', '江西省上饶市', '2017-11-01 21:38:22', '我爱阳光和海棠，你呢！！！！', 'user\\6377ca9f-8b28-487e-ab45-a5108979ced1.png', '1');
INSERT INTO `user` VALUES ('17516019380', '小可', '123456', null, '河南郑州', null, '', 'user/e100557c-40a1-4927-9dae-cd7925a72238.png', '1');
INSERT INTO `user` VALUES ('18279171713', '海鸥花开', '123456', null, '', null, '', 'user/newuser.png', '1');
INSERT INTO `user` VALUES ('19', '看海', '123456', '男', '江西省上饶市', '2018-04-09 21:38:28', '不要这样，我们会好的！！！', 'user/newuser.png', '1');

-- ----------------------------
-- Table structure for userorder
-- ----------------------------
DROP TABLE IF EXISTS `userorder`;
CREATE TABLE `userorder` (
  `id` int(11) NOT NULL AUTO_INCREMENT,
  `userid` varchar(255) DEFAULT NULL,
  `pid` int(11) DEFAULT NULL,
  `ordernum` varchar(255) DEFAULT NULL,
  `tname` varchar(255) DEFAULT NULL,
  `tprice` double(10,2) DEFAULT NULL,
  `tnum` int(11) DEFAULT NULL,
  `total` double DEFAULT NULL,
  `time` datetime DEFAULT NULL,
  `stage` int(11) DEFAULT NULL,
  PRIMARY KEY (`id`),
  KEY `userid` (`userid`),
  CONSTRAINT `sid` FOREIGN KEY (`userid`) REFERENCES `user` (`userId`)
) ENGINE=InnoDB AUTO_INCREMENT=171 DEFAULT CHARSET=utf8;

-- ----------------------------
-- Records of userorder
-- ----------------------------
INSERT INTO `userorder` VALUES ('51', '11', '7', '20180417175728221', '豆耙', '10.00', '3', '30', '2018-04-17 17:57:30', '1');
INSERT INTO `userorder` VALUES ('55', '11', '3', '20180417192306010', '三杯鸡', '70.00', '2', '140', '2018-04-17 19:23:08', '1');
INSERT INTO `userorder` VALUES ('56', '15', '3', '20180417192503222', '三杯鸡', '70.00', '1', '70', '2018-04-17 19:25:05', '1');
INSERT INTO `userorder` VALUES ('57', '11', '2', '20180418084641012', '大塘清明酒', '120.00', '1', '120', '2018-04-18 08:46:44', '1');
INSERT INTO `userorder` VALUES ('59', '11', '5', '20180418193259022', '米粉蒸肉', '30.00', '3', '90', '2018-04-18 19:33:01', '1');
INSERT INTO `userorder` VALUES ('60', '13', '8', '20180419091741200', '庐山云雾茶', '80.00', '2', '160', '2018-04-19 09:17:45', '1');
INSERT INTO `userorder` VALUES ('61', '13', '16', '20180427135209220', '南安板鸭', '34.00', '2', '68', '2018-04-27 13:52:11', '1');
INSERT INTO `userorder` VALUES ('62', '11', '22', '20180427211039010', '南康汤皮', '12.00', '9', '108', '2018-04-27 21:10:40', '1');
INSERT INTO `userorder` VALUES ('63', '11', '23', '20180427212033101', '南康辣椒酱', '23.00', '5', '115', '2018-04-27 21:20:34', '1');
INSERT INTO `userorder` VALUES ('64', '11', '24', '20180427213122020', '牛皮糖薯干', '35.00', '2', '70', '2018-04-27 21:31:26', '1');
INSERT INTO `userorder` VALUES ('65', '14', '24', '20180427213815221', '牛皮糖薯干', '35.00', '5', '175', '2018-04-27 21:38:17', '1');
INSERT INTO `userorder` VALUES ('66', '14', '25', '20180427213923102', '婺源绿茶', '145.00', '5', '725', '2018-04-27 21:39:26', '1');
INSERT INTO `userorder` VALUES ('67', '14', '27', '20180427214748112', '荷包红鲤鱼', '23.00', '4', '92', '2018-04-27 21:47:51', '1');
INSERT INTO `userorder` VALUES ('68', '14', '28', '20180427215111001', '横峰葛', '123.00', '1', '123', '2018-04-27 21:51:12', '1');
INSERT INTO `userorder` VALUES ('69', '12', '31', '20180428111957102', '靖安白茶', '230.00', '3', '690', '2018-04-28 11:19:59', '1');
INSERT INTO `userorder` VALUES ('70', '12', '32', '20180428112420212', '奉新猕猴桃', '35.00', '3', '105', '2018-04-28 11:24:22', '1');
INSERT INTO `userorder` VALUES ('71', '12', '33', '20180428112936122', '宜春苎麻', '8.00', '15', '120', '2018-04-28 11:29:38', '1');
INSERT INTO `userorder` VALUES ('72', '12', '34', '20180428113404222', '宜春扎粉', '4.00', '3', '12', '2018-04-28 11:34:06', '1');
INSERT INTO `userorder` VALUES ('73', '12', '35', '20180428114149120', '冻米糖', '7.00', '11', '77', '2018-04-28 11:41:51', '1');
INSERT INTO `userorder` VALUES ('74', '12', '36', '20180428114633000', '上高紫皮大蒜', '6.00', '5', '30', '2018-04-28 11:46:35', '1');
INSERT INTO `userorder` VALUES ('75', '13', '37', '20180428143741020', '安福火腿', '56.00', '11', '616', '2018-04-28 14:37:42', '1');
INSERT INTO `userorder` VALUES ('76', '13', '38', '20180428144323210', '井冈豆皮王', '23.00', '4', '92', '2018-04-28 14:43:25', '1');
INSERT INTO `userorder` VALUES ('77', '13', '40', '20180428153349021', '南丰蜜桔', '13.00', '32', '416', '2018-04-28 15:33:51', '1');
INSERT INTO `userorder` VALUES ('78', '13', '42', '20180428154052100', '全桔宴', '34.00', '15', '510', '2018-04-28 15:40:54', '1');
INSERT INTO `userorder` VALUES ('79', '13', '43', '20180428163238101', '上清豆腐', '4.00', '122', '488', '2018-04-28 16:32:40', '1');
INSERT INTO `userorder` VALUES ('80', '13', '42', '20180428191939020', '全桔宴', '34.00', '14', '476', '2018-04-28 19:19:41', '1');
INSERT INTO `userorder` VALUES ('81', '13', '49', '20180428194658021', '齐云山南酸枣糕', '34.00', '12', '408', '2018-04-28 19:47:00', '1');
INSERT INTO `userorder` VALUES ('82', '13', '51', '20180428195637122', '白灼芥兰', '23.00', '3', '69', '2018-04-28 19:56:39', '1');
INSERT INTO `userorder` VALUES ('83', '13', '54', '20180428204845201', '历居山杨梅', '10.00', '20', '200', '2018-04-28 20:48:46', '1');
INSERT INTO `userorder` VALUES ('84', '13', '47', '20180428204946112', '手撕狗肉', '150.00', '8', '1200', '2018-04-28 20:49:48', '1');
INSERT INTO `userorder` VALUES ('85', '11', '54', '20180429134309020', '历居山杨梅', '10.00', '12', '120', '2018-04-29 13:43:10', '1');
INSERT INTO `userorder` VALUES ('86', '15', '38', '20180429135025102', '井冈豆皮王', '23.00', '16', '368', '2018-04-29 13:50:27', '1');
INSERT INTO `userorder` VALUES ('87', '15', '7', '20180429135118220', '豆耙', '10.00', '17', '170', '2018-04-29 13:51:19', '1');
INSERT INTO `userorder` VALUES ('88', '15', '28', '20180429135319020', '横峰葛', '7.00', '17', '119', '2018-04-29 13:53:20', '1');
INSERT INTO `userorder` VALUES ('89', '11', '48', '20180429190052220', '辣炒田螺', '34.00', '5', '170', '2018-04-29 19:01:24', '1');
INSERT INTO `userorder` VALUES ('90', '11', '43', '20180429190236100', '上清豆腐', '4.00', '5', '20', '2018-04-29 19:03:06', '1');
INSERT INTO `userorder` VALUES ('91', '13', '14', '20180429190533112', '江州水浒肉', '20.00', '3', '60', '2018-04-29 19:05:47', '1');
INSERT INTO `userorder` VALUES ('161', '15', '6', '20180503210637010', '瓦罐汤', '50.00', '1', '50', '2018-05-03 21:06:45', '1');
INSERT INTO `userorder` VALUES ('166', '13', '6', '20180503211320221', '瓦罐汤', '50.00', '1', '50', '2018-05-03 21:13:21', '1');
INSERT INTO `userorder` VALUES ('167', '13', '4', '20180503211712212', '匡庐石鸡腿', '110.00', '1', '110', '2018-05-03 21:17:16', '1');
INSERT INTO `userorder` VALUES ('168', '14', '6', '20180503211753121', '瓦罐汤', '50.00', '2', '100', '2018-05-03 21:18:08', '1');
INSERT INTO `userorder` VALUES ('169', '18279171713', '47', '20180505092758101', '手撕狗肉', '150.00', '1', '150', '2018-05-05 09:28:08', '1');
INSERT INTO `userorder` VALUES ('170', '14', '3', '20180505155229101', '三杯鸡', '70.00', '2', '140', '2018-05-05 15:52:32', '1');
